timestamp,max_demand_gen,highest_gen,min_gen,day_peak_gen,eve_peak_gen,eve_peak_load_shedding,max_temp,total_gas,total_energy
6/1/2015,7782,7782,5838,6338,7782,0,36,1003.48,157.65
6/2/2015,6869,6869,5167,6482,6869,0,36,1004.19,148.74
6/3/2015,7549,7558,4975,5658,7549,0,35.7,1037.43,146.43
6/4/2015,7676,7752,6017,6552,7676,0,36.2,1049.77,163.47
6/5/2015,7312,7444,5841,6195,7312,0,36.5,1029.04,165.22
6/6/2015,7372,7435,6060,6613,7372,0,34.8,1029.04,161.25
6/7/2015,7496,7496,6092,6861,7496,0,35.6,1015.44,170.66
6/8/2015,7573,7704,6197,6656,7573,0,36,1005.77,164.1
6/9/2015,7653,7653,5957,6840,7653,0,35,1028.93,165.19
6/10/2015,7385,7385,5843,6036,7385,0,31.2,959.16,155.58
6/11/2015,7385,7385,5843,6036,7385,0,31.2,959.16,155.58
6/12/2015,7385,7385,5843,6036,7385,0,31.2,959.16,155.58
6/13/2015,6966,6966,4476,4476,6966,0,31.6,921.74,137.7
6/14/2015,6869,6869,4722,5504,6869,0,32.5,960.05,139.72
6/15/2015,7200,7208,5142,6019,7200,0,31.6,985.15,147.2
6/16/2015,7300,7085,4988,6018,7085,194,31.6,959.24,146.31
6/17/2015,7297,7297,5431,6051,7297,0,32.6,996.82,149.24
6/18/2015,7500,7348,5586,6184,7279,200,33.6,998.1,151.16
6/19/2015,7650,7407,5627,5685,7407,219,35,989.84,153.51
6/20/2015,7700,7407,5992,6265,7407,264,34.2,1020.69,157.4
6/21/2015,7600,7472,5964,6272,7397,183,33,1041.85,158.51
6/22/2015,7365,7365,5420,5845,7365,0,29.3,1039.36,148.64
6/23/2015,7513,7513,4918,5822,7513,0,30.7,1084.24,148.85
6/24/2015,7632,7632,4973,5828,7632,0,30.5,1042.08,144.64
6/25/2015,7343,7343,4717,5521,7343,0,29.2,993.35,143.84
6/26/2015,7212,7212,4420,4858,7212,0,29.5,936.07,132.66
6/27/2015,7121,7121,4552,4970,7121,0,28.3,991.1,132.92
6/28/2015,7475,7475,4504,5496,7475,0,30,1026.43,136.87
6/29/2015,7719,7719,4857,6074,7719,0,33.4,1077.48,148.41
6/30/2015,7802,7802,5184,6116,7802,0,36,1137.97,154.18
7/1/2015,7923,7923,5675,6458,7923,0,34,1152.32,160.67
7/2/2015,7858,7858,5784,6461,7858,0,32.5,1113.08,156.84
7/3/2015,7810,7810,5345,5616,7810,0,34,1126.3,150.41
7/4/2015,7744,7744,5723,6537,7744,0,35.2,1150.37,161.11
7/5/2015,8032,8032,5645,6521,8032,0,33,1147.86,163.7
7/6/2015,8122,8122,5942,6697,8122,0,34,1148.52,167.42
7/7/2015,8122,8122,5942,6697,8122,0,34,1148.52,167.42
7/8/2015,7711,7711,5561,6525,7711,0,32.8,1112.23,156.71
7/9/2015,7348,7348,4668,5531,7348,0,28.5,1092.85,157.84
7/10/2015,7352,7400,4749,5190,7352,0,31,1061.81,138.68
7/11/2015,7590,7632,5237,6206,7590,0,33.6,1106.94,155.2
7/12/2015,7972,7972,5995,6624,7972,0,33.4,1106.37,165.41
7/13/2015,7971,8027,6296,6956,7971,0,35,1138.2,162.49
7/14/2015,7925,7925,6457,6986,7925,0,35.5,1109.38,169.89
7/15/2015,7304,7461,5308,5553,7304,0,29.6,1098.37,149.95
7/16/2015,7189,7189,5099,5324,7189,0,30.6,1072.68,143.43
7/17/2015,6762,6762,4159,4494,6762,0,30,997.44,128.11
7/18/2015,6274,6274,4214,4453,6274,0,28.3,954.52,121.54
7/19/2015,5997,5997,3544,3804,5997,0,27.2,907,107.62
7/20/2015,6293,6293,3725,4060,6293,0,28.5,926.4,113.3
7/21/2015,6547,6547,3769,4594,6547,0,30.7,974.95,118.96
7/22/2015,6525,6525,4303,4720,6525,0,31,993.41,124.45
7/23/2015,6782,6782,4378,5220,6782,0,32.7,991.89,130.13
7/24/2015,6508,6508,4342,4676,6512,0,30,934.08,124.45
7/25/2015,7031,7031,4118,5164,7030,0,30.1,995.74,128.47
7/26/2015,6238,6238,4318,5098,6225,0,31.6,969.8,124.24
7/27/2015,6737,6737,4155,5076,6737,0,27.9,1020.93,124.86
7/28/2015,6966,6966,4448,5619,6966,0,33.2,1079.84,135.79
7/29/2015,6966,6966,4448,5619,6966,0,33.2,1079.84,135.79
7/30/2015,7028,7028,5102,5545,7028,0,33.7,1042.35,141.72
7/31/2015,5978,6056,3649,4079,5978,0,26.5,896.46,112.95
8/1/2015,6066,6066,3888,4512,6066,0,29.5,959.09,114.09
8/2/2015,7414,7414,4296,5485,7414,0,30.3,1083.9,130.5
8/3/2015,7429,7429,5095,6250,7429,0,32.4,1130.75,142.66
8/4/2015,7429,7429,5095,6250,7429,0,32.4,1130.75,142.66
8/5/2015,7845,7845,5650,6467,7845,0,34.4,1139.45,159.11
8/6/2015,8029,8029,5841,6666,8029,0,34.1,1118.43,160.96
8/7/2015,7569,7569,5536,5750,7569,0,33.4,1095.97,152.47
8/8/2015,7943,7943,5673,5992,7943,0,34.2,1121.72,158.84
8/9/2015,8089,8089,5884,6277,8089,0,34.5,1089.02,163.61
8/10/2015,8017,8017,6063,6728,8017,0,34.4,1053.28,164.51
8/11/2015,8126,8126,6038,6781,8126,0,34.7,1084.73,166.58
8/12/2015,8015,8015,6053,6661,8015,0,33.2,1067.08,164.97
8/13/2015,8177,8177,6261,6600,8177,0,33.3,1046.58,174.54
8/14/2015,7773,7773,5568,5908,7773,0,31.2,1023.8,152.53
8/15/2015,7796,7796,5438,6068,7796,0,33,1099.96,153.14
8/16/2015,8031,8031,5552,6423,8031,0,32.5,1092.43,158.34
8/17/2015,7877,7877,5534,6262,7877,0,32.7,1099.55,153.64
8/18/2015,7698,7698,5535,5968,7698,0,32,1070.67,160.52
8/19/2015,7840,7840,5431,6237,7840,0,32.5,1084.99,153.12
8/20/2015,7436,7436,5257,6220,7436,0,32.5,1015.2,153.53
8/21/2015,7215,7215,4458,5072,7215,0,29.6,948.48,130.3
8/22/2015,7973,7973,5077,5902,7973,0,33.3,1058.09,149.01
8/23/2015,8118,8118,5583,6369,8118,0,31.6,1096.07,156.83
8/24/2015,7926,7926,5585,6622,7926,0,33,1044.99,160.5
8/25/2015,8008,8008,5784,6573,8008,0,33.2,1106.56,163.66
8/26/2015,7941,7941,5933,6569,7941,0,33.1,1061.55,164.11
8/27/2015,7879,7879,5795,6462,7879,0,33,1002.52,164.1
8/28/2015,7551,7551,5301,5475,7551,0,32.5,1010.17,149.48
8/29/2015,7909,7909,5329,6055,7909,0,32.1,1059.1,153.92
8/30/2015,7916,7916,5624,6496,7916,0,31.8,1060.96,158.55
8/31/2015,7574,7574,5316,5981,7574,0,29.8,1000.61,149.64
9/1/2015,7574,7574,5316,5981,7574,0,29.8,1000.61,149.64
9/2/2015,7743,7743,5039,6034,7743,0,28.5,1087.82,147.82
9/3/2015,7860,7860,5194,6161,7860,0,30.8,1075.65,152.26
9/4/2015,7350,7350,4847,5254,7350,0,31,1017.74,139.75
9/5/2015,7724,7724,5188,6202,7724,0,33.4,1076.41,150.14
9/6/2015,7748,7761,5515,6556,7748,0,33.7,1090.52,154.24
9/7/2015,7879,7879,5820,6669,7879,0,34.1,1084.31,160.61
9/8/2015,7787,7787,5843,6747,7787,0,34.1,1069.11,161.59
9/9/2015,7742,7862,5977,6878,7742,0,34.6,1072.74,168.14
9/10/2015,7910,7910,6222,6228,7910,0,35.4,1084.36,166.04
9/11/2015,7646,7646,5664,5976,7646,0,33.7,1041.97,156.09
9/12/2015,7659,7659,5798,6411,7659,0,34.9,1050.04,158.41
9/13/2015,7659,7659,5798,6411,7659,0,34.9,1050.04,158.41
9/14/2015,7894,7894,5983,6755,7894,0,33.6,1052.98,164.66
9/15/2015,7529,7686,5998,6572,7529,0,33.2,1028.36,162.56
9/16/2015,7861,7861,6060,6964,7861,0,33.8,1032.32,165.87
9/17/2015,7850,7883,6393,6868,7681,152,34.5,1036.2,167.12
9/18/2015,7850,7803,6234,6324,7256,535,36.5,1009.5,164.69
9/19/2015,7850,7704,5795,6373,7704,131,28.9,1002.65,159.34
9/20/2015,7494,7494,4998,5743,7494,0,27.3,973.59,146.79
9/21/2015,7700,7700,4697,5893,7700,0,30.7,1010.38,146.43
9/22/2015,7553,7553,5029,6022,7553,0,29.8,1013.33,149.71
9/23/2015,6621,6621,4764,5559,6621,0,29.5,982.5,148.6
9/24/2015,6654,6654,4073,4641,6654,0,31.2,932.11,126.09
9/25/2015,6821,6821,4010,4347,6821,0,34.5,873.6,129.95
9/26/2015,6750,6750,4367,4795,6750,0,34.7,795.35,126.61
9/27/2015,6827,6827,4391,5109,6827,0,33.5,877.66,130.63
9/28/2015,7017,7017,4532,5384,7017,0,33.8,908,135.15
9/29/2015,7274,7274,4826,5675,7274,0,34.6,939.5,144.23
9/30/2015,7675,7675,5223,6199,7675,0,35.4,962.09,152.88
10/1/2015,7740,7740,5312,6305,7740,0,35.5,983.87,156.32
10/2/2015,7393,7393,5371,5900,7393,0,35,1031.51,149.12
10/3/2015,7817,7817,5354,6248,7817,0,32.5,1009.24,156.89
10/4/2015,7883,7883,5491,6581,7883,0,34.3,1006.54,160.61
10/5/2015,8031,8031,5712,6580,7614,0,35.2,1014.17,162.33
10/6/2015,8162,8162,5621,6535,8162,0,33.8,1035.2,163.23
10/7/2015,8048,8048,5614,6643,8048,0,33.5,1029.34,168.98
10/8/2015,7742,7742,5466,6348,7742,0,28.4,991.4,154.9
10/9/2015,7635,7635,4751,5605,7635,0,32.4,942.26,142.88
10/10/2015,7901,7901,4945,6036,7901,0,33.1,954.93,151.97
10/11/2015,8002,8002,5220,6429,8002,0,32,1024.3,153.47
10/12/2015,7680,7680,5206,6407,7680,0,30.2,1031.18,152.4
10/13/2015,7390,7390,5033,6110,7390,0,30.7,1008.98,145.87
10/14/2015,7565,7565,4833,6023,7565,0,30.6,977.62,142.68
10/15/2015,7610,7610,4862,6272,7610,0,31,952.85,143.82
10/16/2015,7293,7293,4634,5384,7293,0,32.6,979.71,136.63
10/17/2015,7834,7834,4782,5908,7834,0,32.4,1038.38,145.55
10/18/2015,7994,7994,5188,6493,7994,0,33,1013.72,156.05
10/19/2015,7728,7728,5185,6561,7728,0,33,987.12,154.67
10/20/2015,7802,7802,5265,6608,7802,0,32.8,997.14,155.56
10/21/2015,7849,7849,5212,6757,7849,0,32.6,1023.85,156.7
10/22/2015,7892,7892,5263,6370,7892,0,32.5,1005.11,162.33
10/23/2015,7254,7254,4822,5224,7254,0,32.7,974.65,138.35
10/24/2015,7348,7348,4558,5617,7348,0,32.8,1060.78,137.55
10/25/2015,7661,7661,4691,6298,7661,0,32.4,1031.57,143.31
10/26/2015,7591,7591,4812,6006,7591,0,32.3,1024.9,142.86
10/27/2015,7603,7603,4763,6106,7603,0,32,1029.98,146.33
10/28/2015,7610,7610,4811,6122,7610,0,31.4,1015.34,141.62
10/29/2015,7485,7485,4872,6056,7485,0,32,1013.5,141.72
10/30/2015,6921,6921,4518,4960,6921,0,31.1,1022.59,127.2
10/31/2015,7264,7264,4484,5297,7264,0,30.4,992.57,129.73
11/1/2015,7142,7142,4541,5764,7142,0,29.3,1000.72,134.25
11/2/2015,7462,7462,4340,5657,7462,0,30,1010.2,131.1
11/3/2015,7379,7379,4463,5835,7379,0,31.4,1019.97,135.16
11/4/2015,7212,7212,4715,6084,7212,0,32.9,995.15,139.2
11/5/2015,7228,7228,4702,6009,7228,0,31.2,1009.23,139.58
11/6/2015,6755,6755,4314,4663,6755,0,32,963.86,122.58
11/7/2015,7305,7305,4280,5254,7305,0,31.5,1027.63,127.37
11/8/2015,7101,7101,4365,5692,7101,0,31.2,1002.55,130.14
11/9/2015,7101,7101,4365,5692,7101,0,31.2,1002.55,130.14
11/10/2015,7101,7101,4365,5692,7101,0,31.2,1002.55,130.14
11/11/2015,7302,7302,4272,5473,7302,0,30.6,987.11,128.4
11/12/2015,7246,7246,4265,5558,7246,0,31,1001.82,130.92
11/13/2015,6470,6470,4012,4327,6470,0,30.5,923.04,113.46
11/14/2015,6968,6968,3903,5065,6968,0,30.6,959.57,121.64
11/15/2015,7349,7349,4308,5513,7349,0,29.3,968.54,127.83
11/16/2015,7263,7263,4234,5458,7263,0,30.5,1007.36,128.33
11/17/2015,7096,7096,4231,5242,7096,0,28.5,997.49,127.27
11/18/2015,7072,7072,4070,5293,7072,0,28.5,957.14,125.36
11/19/2015,7029,7029,4055,5138,7029,0,29.5,949.6,123.69
11/20/2015,6312,6312,3921,4210,6312,0,31.6,884.32,109.25
11/21/2015,7042,7042,3761,4960,7042,0,31.8,965.03,119.44
11/22/2015,7010,7010,4056,5276,7010,0,31.4,975.49,122.86
11/23/2015,7030,7030,4001,5279,7030,0,30.2,950.48,125.01
11/24/2015,6934,6934,4013,5275,6934,0,30,925.81,122.9
11/25/2015,6915,6915,3895,5158,6915,0,29,923.13,122.49
11/26/2015,6871,6871,4000,5133,6871,0,28.5,932.41,121.36
11/27/2015,6053,6053,3829,4165,6053,0,27.6,869.49,106.44
11/28/2015,6736,6736,3558,4671,6736,0,28.6,922.41,114.31
11/29/2015,6911,6911,3860,5290,6911,0,29.8,970.42,120.61
11/30/2015,6911,6911,3860,5290,6911,0,29.8,970.42,120.61
12/1/2015,6886,6886,3842,5224,6886,0,30.3,920.06,121.4
12/2/2015,6925,6925,3918,5248,6925,0,28,899.76,120.39
12/3/2015,6804,6804,3940,5081,6804,0,29.2,865.74,120.46
12/4/2015,6073,6076,3741,4129,6076,0,27.5,824.43,105.05
12/5/2015,6602,6602,3659,4554,6602,0,29.3,897.85,113.39
12/6/2015,6746,6746,3786,4900,6746,0,27.4,901.31,113.77
12/7/2015,6759,6759,3806,5008,6759,0,25.8,888.17,118.02
12/8/2015,6687,6687,3817,5079,6687,0,26.4,915.93,118.72
12/9/2015,6730,6730,3816,4938,6730,0,27.7,921.12,116.47
12/10/2015,6724,6724,3726,4990,6724,0,27.4,934.45,118.87
12/11/2015,6003,6003,3651,4161,6003,0,26.7,885.59,106.02
12/12/2015,6713,6713,3533,4723,6713,0,27.5,974.99,113.85
12/13/2015,6706,6706,3734,5158,6706,0,27.6,975.08,118.09
12/14/2015,6749,6749,3763,5007,6749,0,24.8,922.8,118.57
12/15/2015,6736,6736,3730,4768,6736,0,24.2,867.03,115.85
12/16/2015,5821,5821,3498,3895,5821,0,24.5,849.42,102.6
12/17/2015,6444,6444,3235,4430,6444,0,24.4,937.69,107.17
12/18/2015,5831,5831,3410,3770,5831,0,22.2,837.54,100.31
12/19/2015,6493,6493,3303,4596,6493,0,23.6,896.09,109.94
12/20/2015,6424,6424,3487,4763,6424,0,24,907.3,111.14
12/21/2015,6560,6560,3528,4763,6560,0,24,913.19,112.99
12/22/2015,6576,6576,3546,4866,6576,0,25.5,923.09,114.21
12/23/2015,6558,6558,3582,4783,6558,0,25.5,908.42,112.87
12/24/2015,6548,6548,3607,4954,6548,0,25.5,904.92,114.18
12/25/2015,6548,6548,3607,4954,6548,0,25.5,904.92,114.18
12/26/2015,6548,6548,3607,4954,6548,0,25.5,904.92,114.18
12/27/2015,6667,6667,3309,4777,6667,0,25.2,906.76,113.33
12/28/2015,6636,6636,3574,4970,6636,0,25.4,911.02,114.57
12/29/2015,6656,6656,3538,4960,6656,0,26,904.44,115.42
12/30/2015,6557,6557,3543,4964,6557,0,25.8,891.91,111.55
12/31/2015,6553,6553,3451,5039,6553,0,26.4,879.39,115.33
1/1/2016,5891,5891,3590,4275,5891,0,27.6,839.82,104.07
1/2/2016,6538,6538,3399,4742,6538,0,27,902.62,111.69
1/3/2016,6635,6635,3586,4944,6635,0,25.8,880.89,115.93
1/4/2016,6694,6694,3647,4934,6694,0,26.5,863.28,116.21
1/5/2016,6672,6672,3716,4938,6672,0,25.8,871.71,116.31
1/6/2016,6707,6707,3732,5015,6707,0,26,845.68,117.48
1/7/2016,6754,6754,3649,4894,6754,0,26,882.4,118.21
1/8/2016,6157,6157,3779,4370,6157,0,26.8,841.97,108.33
1/9/2016,6775,6775,3512,4792,6775,0,25.2,902.26,114.57
1/10/2016,6775,6775,3512,4792,6775,0,25.2,902.26,114.57
1/11/2016,6766,6766,3685,5037,6766,0,25.1,888.16,116.81
1/12/2016,6778,6778,3722,5153,6778,0,24.5,915.29,120.02
1/13/2016,6883,6883,3766,5230,6883,0,24.1,922.87,120.82
1/14/2016,6794,6794,3869,5386,6794,0,25.4,931.31,128.41
1/15/2016,6311,6311,3859,4595,6311,0,26,890.25,109.24
1/16/2016,6311,6884,3593,5064,6884,0,26.6,937.14,109.24
1/17/2016,6983,6983,3871,5200,6983,0,25.4,943.84,130.37
1/18/2016,6946,6946,3902,5316,6946,0,25.7,929.17,124.47
1/19/2016,6937,6937,3917,5440,6937,0,25.4,879.63,126.82
1/20/2016,6484,6484,3305,5121,6484,0,22.8,846.72,116.01
1/21/2016,6840,6840,3725,5338,6840,0,22.7,878.56,122.71
1/22/2016,6242,6242,3891,4763,6242,0,20,893.58,110.67
1/23/2016,6939,6939,3594,5305,6939,0,20.8,958.54,120.48
1/24/2016,6954,6954,3883,5669,6954,0,22,901.85,124.78
1/25/2016,7080,7080,3801,5611,7080,0,23.1,848.69,121.45
1/26/2016,6796,6796,3993,5562,6796,0,22.1,854.53,125.27
1/27/2016,6870,6870,3993,5514,6870,0,25,861.6,126.87
1/28/2016,7065,7065,3855,5671,7065,0,25.8,857.46,128.01
1/29/2016,6454,6454,4091,4968,6454,0,25.2,829.17,116.78
1/30/2016,6454,6454,4091,4968,6454,0,25.2,829.17,116.78
1/31/2016,7052,7052,3970,5766,7052,0,26,896.61,129.31
2/1/2016,7024,7024,4007,5837,7024,0,28,870.14,129.44
2/2/2016,7042,7042,4039,5813,7042,0,28.6,850.85,132.87
2/3/2016,7041,7041,4160,5901,7041,0,27.8,898.71,124.89
2/4/2016,6881,6881,4114,5662,6881,0,26.6,886.34,129.35
2/5/2016,6300,6300,4053,4836,6300,0,26.7,844.94,114.63
2/6/2016,7074,7074,3727,5338,7074,0,26.8,859.44,123.7
2/7/2016,7127,7127,4101,5755,7127,0,28.4,898.56,128.57
2/8/2016,7155,7155,4079,5692,7155,0,29.1,871.77,129.51
2/9/2016,7214,7214,3820,5868,7214,0,27.5,902.29,130.45
2/10/2016,7214,7214,3820,5868,7214,0,27.5,902.29,130.45
2/11/2016,7153,7153,4192,5885,7101,0,27.9,918.1,134.6
2/12/2016,6584,6584,3746,4745,6584,0,29.5,891.71,117.76
2/13/2016,7160,7160,3976,5679,7160,0,29,943.89,129.06
2/14/2016,7314,7314,4323,6001,7314,0,28.6,941.74,148.81
2/15/2016,7525,7525,4423,6040,7525,0,30.6,958.51,138.64
2/16/2016,7521,7521,4583,6333,7521,0,31.5,943.36,142.17
2/17/2016,7448,7448,4653,5938,7448,0,31,938,139.81
2/18/2016,7474,7474,4784,6342,7474,0,31,920.78,143.08
2/19/2016,7055,7055,4872,5410,7055,0,33.6,914.55,132.83
2/20/2016,7497,7497,4734,5748,7497,0,34,939.47,141.27
2/21/2016,7588,7130,5099,5524,7130,0,34,952.43,138.65
2/22/2016,7679,7679,5095,6192,7679,0,31.4,996.04,145.63
2/23/2016,7628,7628,5136,6689,7628,0,31,967.12,149.51
2/24/2016,7147,7147,4554,5656,7147,0,26.4,891.19,132.25
2/25/2016,7475,7475,4093,6076,7475,0,30.4,945.57,134.02
2/26/2016,7010,7010,4771,5071,6769,0,31.2,926.66,129.2
2/27/2016,7614,7614,4650,5915,7614,0,31.2,921.26,141.41
2/28/2016,7617,7617,5036,6597,7617,0,31.3,924.64,145.8
2/29/2016,7729,7729,5125,6469,7729,0,31.9,920.73,148.46
3/1/2016,7881,7881,5103,6771,7881,0,32.1,906.29,150.45
3/2/2016,7784,7784,5127,6683,7784,0,32.4,914.73,150.15
3/3/2016,7775,7775,5212,6668,7775,0,33,911.97,152.16
3/4/2016,7413,7413,5149,5485,7413,0,33.5,943.88,139.42
3/5/2016,8002,8002,5125,6127,8002,0,33.4,954.77,148.26
3/6/2016,5946,7130,3615,6968,5946,0,33.6,851.6,142.65
3/7/2016,7485,7485,4352,6151,7485,0,33,940.45,137.98
3/8/2016,7957,7957,5315,6605,7957,0,32.7,938.98,154.45
3/9/2016,7953,7953,5630,6534,7953,0,34.5,935.14,159.37
3/10/2016,7942,7942,6104,7176,7942,0,34.4,919.85,165.31
3/11/2016,7777,7777,5819,6038,7777,0,34.5,926.42,156.42
3/12/2016,7995,7995,6122,6699,7995,0,34.2,936.04,163.29
3/13/2016,7781,7781,6342,6476,7781,202,31.2,923.16,163.47
3/14/2016,7865,7865,5890,6856,7865,0,31.6,935.64,160.72
3/15/2016,8000,7613,5747,6839,7613,348,32.6,928.8,159.81
3/16/2016,8000,7814,5655,6707,7814,167,32.2,930.26,162.22
3/17/2016,7801,7801,5903,6804,7801,0,33.5,935.08,160.48
3/18/2016,7588,7588,5493,5684,7588,0,33.8,898.34,147.56
3/19/2016,7711,7711,4820,6611,7711,0,31,889.93,148.86
3/20/2016,7711,7711,5599,6959,7711,0,32,913.13,180.6
3/21/2016,7950,7584,5816,6905,7584,329,34.8,897.97,160.1
3/22/2016,7900,7634,5408,6620,7626,247,34.2,908.36,171.01
3/23/2016,8025,8025,6221,6997,8025,0,34.2,953.91,168.21
3/24/2016,8050,7923,5805,7048,7923,118,34.5,948.45,163.22
3/25/2016,7788,7788,5758,6048,7788,0,34.6,947.97,154.17
3/26/2016,7825,7825,5819,6576,7825,0,34.7,987.87,158.79
3/27/2016,8088,8088,6198,6979,8088,0,33.2,948.91,167.39
3/28/2016,7013,7054,4993,5991,7013,0,29.2,891.04,146.23
3/29/2016,7005,7005,4610,6245,7005,0,33.6,893.97,136.4
3/30/2016,7352,7352,4992,6675,7352,0,33.8,894.51,143.82
3/31/2016,7352,7352,4992,6675,7352,0,33.8,894.51,143.82
4/1/2016,6272,6272,1759,3634,6272,0,27,840.5,93.3
4/2/2016,7338,7338,4107,5335,7338,0,28,974.06,127.3
4/3/2016,7249,7249,4733,5987,7249,0,31.5,927.93,137.7
4/4/2016,7572,7572,4285,5867,7572,0,33.4,921.81,144.09
4/5/2016,6889,6889,5614,6300,6889,0,31.2,907.79,149.04
4/6/2016,7879,7879,5152,6378,7879,0,34.5,1049.58,153.1
4/7/2016,8157,8157,6002,6919,8157,0,35.2,1022.15,167.03
4/8/2016,8002,8002,5529,5803,8002,0,36,1050.66,169.56
4/9/2016,8348,8348,6045,6651,8348,0,34.8,1021.29,170.37
4/10/2016,8280,8329,6563,7365,8280,0,36,1011.06,177.75
4/11/2016,8350,8054,6539,7389,7949,361,36.6,1006.45,176.56
4/12/2016,8350,8099,6835,7507,8099,226,37,1007.35,178.72
4/13/2016,8250,8050,6742,7479,8050,180,36.8,1006.2,175.98
4/14/2016,7736,7820,6196,6739,7736,0,38,1107.81,168.3
4/15/2016,7976,7976,6064,6399,7976,0,35.6,1114.22,164.35
4/16/2016,7800,7588,6209,6750,7586,193,34.6,992.65,167.85
4/17/2016,8083,8083,6375,7266,8083,0,35.4,1013.67,173.24
4/18/2016,8200,7991,6576,7203,7985,197,33.8,1047.73,169.27
4/19/2016,8250,7958,6548,7363,7958,263,36,1021.33,176.14
4/20/2016,8300,8059,6650,7144,8022,250,35.9,1038.03,176.05
4/21/2016,8300,7948,6574,7328,7942,322,35.5,1049.08,175.43
4/22/2016,8040,8087,5959,6522,8040,0,36.4,1092.23,167.36
4/23/2016,8200,7865,6516,7155,7865,302,36.4,1049.02,172.13
4/24/2016,8300,7668,6347,7123,7522,700,39,1029.48,169.72
4/25/2016,8300,7599,6724,6981,7531,701,37,1011.02,170.14
4/26/2016,8300,7406,6527,6741,7344,860,37,1001.71,168.18
4/27/2016,8300,7573,6591,6607,7573,664,37,1018.24,166.23
4/28/2016,8300,7990,6820,6880,7990,279,36.5,1059.84,172.63
4/29/2016,8250,8098,6391,6904,8098,137,37.4,1041.61,172.3
4/30/2016,8400,7934,6658,6858,7396,904,37,921.76,171.62
5/1/2016,5603,7193,3493,6383,5603,0,32.2,838.79,142.06
5/2/2016,6665,6665,3965,5930,6665,0,33,885.23,129.38
5/3/2016,7800,7513,4832,6173,7400,360,32.4,851.48,154.18
5/4/2016,7967,7967,4613,6325,7967,0,33.6,918.22,150.75
5/5/2016,7514,7514,5056,5908,7514,0,35,1000.23,146.97
5/6/2016,7514,7514,5056,5908,7514,0,35,1000.23,146.97
5/7/2016,6626,6626,5026,6110,6626,0,31.6,920.55,139.66
5/8/2016,8271,8271,4438,6536,8271,0,34,1035.47,149.99
5/9/2016,8026,8026,5968,7140,8026,0,35.6,998.54,170.57
5/10/2016,8200,7927,6089,7154,7927,246,35.7,991.57,171.57
5/11/2016,8250,7940,5809,7010,7940,279,36.4,981.07,166.79
5/12/2016,6479,7772,5891,7304,6479,0,36,907,166.25
5/13/2016,7116,6192,4012,4946,6192,0,33.1,811.74,122.25
5/14/2016,7753,7757,4174,6145,7753,0,34,973.66,139.38
5/15/2016,7692,7733,5622,6913,7692,0,34.7,982.07,159.16
5/16/2016,7900,7678,6045,6706,7678,200,35,949.97,163.85
5/17/2016,7900,7694,6341,7003,7523,339,35.4,944.22,166.64
5/18/2016,7850,7688,5336,6849,7688,146,32.8,957.95,149.51
5/19/2016,7850,7693,5334,6166,7693,141,30.6,936.08,154.75
5/20/2016,7425,7425,4918,5505,7425,0,28.8,911.51,142.55
5/21/2016,6168,6168,3653,4100,6168,0,26.2,870.93,113.48
5/22/2016,7434,7434,4410,6213,7434,0,33,994.61,142.53
5/23/2016,7775,7775,4876,5581,7775,0,35,990.27,156.31
5/24/2016,7775,7775,4876,5581,7775,0,35,990.27,156.31
5/25/2016,6205,7093,4188,6688,6205,0,34.1,921.24,146.53
5/26/2016,7667,7667,4924,6535,7610,0,34.6,973.09,153.3
5/27/2016,8300,7573,6591,6607,7573,664,37,1018.24,166.23
5/28/2016,8001,8001,5251,6026,8001,0,29,1067.55,153.93
5/29/2016,8067,8067,5601,7239,8067,0,34.2,1021.5,163.72
5/30/2016,8100,7909,5842,7112,7909,172,35.5,1003.92,168.04
5/31/2016,7775,7775,6010,7083,7775,0,34.7,997.81,167.15
6/1/2016,8200,7982,5494,6964,7982,196,32.8,1016.31,164.74
6/2/2016,8400,8236,6383,7344,8236,148,35.4,1029.45,176.56
6/3/2016,8250,8049,6358,6742,8049,181,36,983.44,172.55
6/4/2016,8400,8148,6429,7043,8076,292,35,1038.07,182.39
6/5/2016,8482,8482,6605,7040,8482,0,34.6,1045.3,180.23
6/6/2016,8600,8420,6762,7476,8367,210,32.5,1044.85,180.47
6/7/2016,8357,8357,6317,7163,8357,0,32.9,1043.52,189.28
6/8/2016,8650,8510,5921,7199,8510,126,34,1081.79,176.31
6/9/2016,8387,8387,6449,7189,8387,0,31.5,1076.57,177.65
6/10/2016,8402,8402,6077,6536,8402,0,33,1083.87,170.14
6/11/2016,8226,8226,5066,5066,8226,0,34.3,1024.85,163.1
6/12/2016,7774,7774,4767,6176,7774,0,29.5,974.96,151.46
6/13/2016,8285,8285,4884,6389,8285,0,31.2,1026.31,156.39
6/14/2016,8551,8551,5614,6737,8551,0,32.6,1054.34,168.39
6/15/2016,8776,8776,6000,7014,8776,0,32.8,1067.73,175.06
6/16/2016,8711,8711,5973,7108,8711,0,34.2,1072.36,195.05
6/17/2016,8512,8512,6045,6296,8512,0,33.7,1079.96,171.76
6/18/2016,8700,8617,6133,6684,8582,106,34.8,1086.71,177.38
6/19/2016,8671,8671,6547,7507,8671,0,34,1063.47,184.62
6/20/2016,8800,8679,6646,7209,8679,109,35.3,1072.29,182.47
6/21/2016,8800,8647,6663,7377,8590,189,34.7,1115.71,185.87
6/22/2016,8750,8450,6623,7330,8447,273,34.7,1096.47,182.26
6/23/2016,8738,8738,6699,7290,8738,0,33.8,1074.51,182.96
6/24/2016,8698,8698,6516,6611,8698,0,34.6,1076.92,176.16
6/25/2016,8698,8698,6516,6611,8698,0,34.6,1076.92,176.16
6/26/2016,8900,8662,6792,7889,8662,214,32.5,1075.11,188.44
6/27/2016,8900,8669,7203,7674,8669,208,35,1077.92,188.64
6/28/2016,8900,8749,6982,7682,8749,136,34.6,1112.31,195.96
6/29/2016,8950,8968,7196,7559,8950,0,34.8,1088.99,194.46
6/30/2016,8950,8968,7196,7559,8950,0,34.8,1088.99,194.46
7/1/2016,8950,8968,7196,7559,8950,0,34.8,1088.99,194.46
7/2/2016,8327,8367,6356,6946,8327,0,32.2,1102.91,176.94
7/3/2016,8066,8080,5781,6253,8066,0,31.3,1060.6,164.44
7/4/2016,7643,7643,4960,5560,7643,0,30.8,980.09,148.08
7/5/2016,7265,7265,4336,4701,7265,0,28.5,939.94,134.61
7/6/2016,7241,7241,4237,4632,7241,0,28.8,924.18,133.45
7/7/2016,7162,7167,4630,5351,7162,0,33.6,1033.46,135.1
7/8/2016,7339,7339,4908,5164,7339,0,33.6,983.6,140.8
7/9/2016,7361,7422,5050,5271,7361,0,33.5,992.62,143.85
7/10/2016,7767,7767,5277,5653,7767,0,33,1008.53,158.39
7/11/2016,8120,8120,5448,6213,8120,0,33.4,1050.73,157.77
7/12/2016,8197,8197,5695,6476,8197,0,33.4,1037.68,164.82
7/13/2016,8366,8366,6089,6861,8366,0,33.5,1060.61,172.08
7/14/2016,8528,8528,6445,7276,8528,0,34.5,1052.09,178.91
7/15/2016,8319,8319,5906,6405,8319,0,33.2,1027.32,167.25
7/16/2016,7990,7990,5459,6621,7990,0,29.5,1036.21,162.03
7/17/2016,8207,8207,5722,6712,8207,0,32.5,1018.93,165.45
7/18/2016,8479,8479,5132,6547,8479,0,31,1040.86,161.46
7/19/2016,8615,8615,5765,6778,8615,0,31.5,1065.2,169.11
7/20/2016,8650,8477,6135,7103,8477,156,32,1071.83,174.71
7/21/2016,8371,8371,6430,7094,8371,0,31.9,1008.67,175.77
7/22/2016,7939,7939,5761,5816,7939,0,30.8,1018.75,168.05
7/23/2016,8259,8263,5911,6585,8259,0,31.1,978.21,164.05
7/24/2016,8375,8375,6086,6829,8375,0,32.2,991.66,169.4
7/25/2016,8216,8216,6028,6877,8216,0,31.8,992.93,167.19
7/26/2016,8400,8343,5518,6779,8260,126,30.7,1027.33,164.67
7/27/2016,8354,8402,6010,6881,8354,0,33.5,1082.95,172.41
7/28/2016,8616,8616,6243,7443,8616,0,33.5,1067.95,179.05
7/29/2016,8277,8277,5956,6101,8277,0,31.8,1036.25,167.27
7/30/2016,8300,8035,6300,7080,7984,284,33.5,1059.75,173.72
7/31/2016,8300,8035,6300,7080,7984,284,33.5,1059.75,173.72
8/1/2016,8472,8472,6272,7212,8472,0,33.6,1052.78,180.01
8/2/2016,8414,8414,5960,7070,8414,0,33.8,1016.52,183.65
8/3/2016,8650,8477,6304,7387,8477,156,33.8,1033.91,180.5
8/4/2016,8600,8312,6610,7384,8312,259,35,1015.85,181.27
8/5/2016,8322,8322,5929,6225,8322,0,33.3,1036.55,168.68
8/6/2016,8438,8438,5993,6822,8438,0,31.8,1060.88,173.52
8/7/2016,8620,8501,6175,7267,8501,107,32.6,1049.86,176.88
8/8/2016,8600,8431,6602,7277,8431,152,33.3,1044.66,187.46
8/9/2016,8350,8130,6519,7021,8130,198,31.6,1009.14,176.38
8/10/2016,7682,7682,4781,5998,7682,0,28.8,959.16,149.6
8/11/2016,8165,8165,5336,6931,8165,0,32.6,995.29,161.25
8/12/2016,8297,8297,5658,6210,8297,0,33.8,1017.85,163.46
8/13/2016,8550,8395,6466,7359,8342,187,33.5,1041.54,177.77
8/14/2016,8700,8418,6647,7383,8418,254,33.4,1067.45,181.95
8/15/2016,8461,8461,6425,6935,8461,0,34.8,1096.39,178.36
8/16/2016,7727,7908,6346,7253,7727,0,33.8,1087.55,171.58
8/17/2016,8073,8073,6118,6719,8073,0,31,1087.55,169.43
8/18/2016,8700,8572,6274,7347,8501,115,32.6,1087.55,177.22
8/19/2016,8466,8466,6384,6699,8466,0,34.8,1087.55,174.55
8/20/2016,8700,8504,6868,7248,8479,199,33.6,0,184.18
8/21/2016,6406,8293,5108,6737,6406,0,29.6,1087.55,160.69
8/22/2016,8700,8560,4923,6533,8502,178,32.2,1087.55,159.88
8/23/2016,8800,8680,6305,7171,8680,108,33.2,1087.55,189.11
8/24/2016,8750,8369,7014,7595,8364,347,34.6,1087.55,186.29
8/25/2016,8700,8142,6678,7195,8003,627,36.1,1087.55,179.71
8/26/2016,8600,8477,5678,6593,8271,295,33.2,1087.55,165.18
8/27/2016,8800,8569,6462,7253,8569,208,35.5,1064.39,181.19
8/28/2016,8800,8449,6615,7518,8449,316,32.2,1043.78,184.23
8/29/2016,8950,8602,6824,7514,8602,313,34.2,1069.32,186.4
8/30/2016,9000,8719,6881,7579,8700,270,35.3,1071.87,186.87
8/31/2016,8900,8545,6821,7542,8495,365,33.7,1073.75,184.37
9/1/2016,8800,8482,6551,7339,8482,286,33.4,1011.28,182.04
9/2/2016,8500,8253,6117,6505,8107,354,32.8,991.52,172.68
9/3/2016,8650,8220,6060,6735,8220,387,32.6,1049.78,173.75
9/4/2016,8700,8224,6606,7391,8212,439,32.5,1015.93,180.02
9/5/2016,8800,8409,6528,7096,8409,352,32.5,1044.73,198.23
9/6/2016,8700,8325,6342,7111,8304,356,31.4,1038.55,179.25
9/7/2016,8900,8566,6695,7031,8566,301,32.8,1056.44,183.32
9/8/2016,8890,8890,6664,7577,8890,0,33.6,1081.55,186.6
9/9/2016,8800,8653,6429,6909,8653,132,34.4,1043.83,178.7
9/10/2016,8450,8311,6496,6826,8295,140,34.2,1104.98,173.14
9/11/2016,7976,7976,6120,6319,7976,0,32.8,1123.84,167
9/12/2016,7593,7593,5236,5399,7593,0,32.3,1022.94,148.26
9/13/2016,7345,7345,4317,4403,7345,0,29.2,978.94,135.7
9/14/2016,7461,7461,5046,5348,7461,0,32.6,1018.84,144.33
9/15/2016,7461,7461,5046,5348,7461,0,32.6,1018.84,144.33
9/16/2016,7679,7716,5368,5639,7716,0,33.8,986.42,161.67
9/17/2016,7965,7965,5916,6223,7965,0,34.7,1008.92,160.27
9/18/2016,8300,8082,5908,6772,8082,196,33,985.15,166.68
9/19/2016,8350,8204,6031,6747,8183,150,29.7,1000.44,171.02
9/20/2016,8400,8285,5196,6533,8285,104,31.1,954.84,170.79
9/21/2016,8350,8210,6101,7024,8179,154,31.8,996.23,173.39
9/22/2016,8550,8401,6094,7133,8401,134,32.7,1049.55,174.88
9/23/2016,8085,8085,5918,6255,8215,0,34,1048.5,166.97
9/24/2016,8790,8790,6206,7007,8790,0,32.2,1094.86,176.08
9/25/2016,8484,8484,6374,6933,8484,0,34.1,1051.94,176.03
9/26/2016,8484,8484,6374,6933,8484,0,34.1,1051.94,176.03
9/27/2016,8700,8700,6306,7294,8700,0,34.4,1056.47,181.04
9/28/2016,8750,8628,6306,7209,8593,141,30.2,1012.95,182.47
9/29/2016,8750,8628,6306,7209,8593,141,30.2,1012.95,182.47
9/30/2016,8739,8739,6210,6431,8739,0,34.4,1056.94,178.42
10/1/2016,8800,8606,6305,7395,8570,207,34,994.35,181.99
10/2/2016,8900,8789,6975,7490,8789,100,32.3,1047.56,186.15
10/3/2016,8900,8692,6754,7367,8640,234,34,1032.8,187.77
10/4/2016,8900,8681,6860,7553,8681,197,35.5,1012.46,179.61
10/5/2016,8900,8784,6528,7612,8748,137,32.8,1061.33,184.63
10/6/2016,8850,8704,6651,7467,8704,131,30.4,1052.3,186.06
10/7/2016,8614,8614,5995,6280,8590,0,31.8,1033.61,173.33
10/8/2016,8804,8804,6380,7401,8804,0,32.6,1101.89,181.29
10/9/2016,8864,8864,6514,7345,8864,0,33,1073.19,184.96
10/10/2016,8606,8606,6433,7327,8606,0,33.5,1024.21,176.09
10/11/2016,7914,7914,5649,6416,7914,0,30.2,966.49,158.45
10/12/2016,8105,8105,5095,5898,8105,0,31.4,951.93,155.8
10/13/2016,8198,8198,5620,6963,8198,0,33,983.23,166.83
10/14/2016,7993,7993,5450,5998,7977,0,32.4,997.55,157.14
10/15/2016,8700,8568,5570,6521,8568,119,33.5,1020.59,167.34
10/16/2016,8630,8630,6004,7494,8630,0,34.4,1030.52,176.39
10/17/2016,8650,8609,6204,7402,8495,140,34.7,1015.58,185.48
10/18/2016,8694,8694,6542,7567,8694,0,34.6,1009.09,183.91
10/19/2016,8802,8802,6507,7472,8802,0,34.7,995.66,184.22
10/20/2016,8640,8640,6426,7407,8640,0,36,973.25,182.79
10/21/2016,8275,8275,5686,6410,8275,0,35.8,988.57,165.23
10/22/2016,8275,8275,5686,6410,8275,0,35.8,988.57,165.23
10/23/2016,8547,8547,5739,7098,8547,0,33.2,1005.23,170.31
10/24/2016,8676,8676,5733,7024,8676,0,32.5,1015.19,169.2
10/25/2016,8742,8742,5827,7100,8742,0,34,1032.29,172.83
10/26/2016,8850,8850,6130,7376,8850,0,33.8,1022.56,178.4
10/27/2016,8214,8214,5640,6357,8214,0,30.2,942.52,163.29
10/28/2016,7532,7532,5213,5760,7532,0,30.5,913.93,148.85
10/29/2016,7532,7532,5213,5760,7532,0,30.5,913.93,148.85
10/30/2016,8460,8460,5580,6903,8460,0,32.5,988.73,166.62
10/31/2016,8559,8559,5766,7147,8559,0,33,991.79,170.78
11/1/2016,8800,8606,6305,7395,8570,207,34,994.35,181.99
11/2/2016,8493,8493,6006,7175,8493,0,34.1,1008.17,175.02
11/3/2016,8497,8497,6149,7446,8497,0,34.5,974.79,176.5
11/4/2016,7263,7263,4840,5301,7263,0,28.5,868,147.38
11/5/2016,6583,6583,4800,5781,6583,0,25,799.09,132.3
11/6/2016,7200,7200,3800,5368,7153,0,24.2,833.34,123.25
11/7/2016,7536,7536,4360,5781,7536,0,27.4,827.95,136.56
11/8/2016,7598,7598,4505,5922,7598,0,30.2,841.36,149.94
11/9/2016,7630,7630,4508,5998,7630,0,31.2,880.24,141.25
11/10/2016,7615,7615,4698,6041,7615,0,30.7,862.8,141.75
11/11/2016,6818,6818,4438,4859,6818,0,29.5,843.68,126.56
11/12/2016,7485,7485,4390,5531,7485,0,30.1,895.41,136.54
11/13/2016,7724,7724,4573,6043,7724,0,30.8,926.3,141.16
11/14/2016,7724,7724,4573,6043,7724,0,30.8,926.3,141.16
11/15/2016,7555,7555,4533,5802,7555,0,29.8,932.07,139.27
11/16/2016,7662,7662,4498,5729,7662,0,30.4,883.29,139.61
11/17/2016,7662,7662,4498,5729,7662,0,30.4,883.29,139.61
11/18/2016,7662,7662,4498,5729,7662,0,30.4,883.29,139.61
11/19/2016,7464,7464,4149,5373,7464,0,29.8,896.28,130.94
11/20/2016,7366,7366,4347,5624,7366,0,28.5,875.32,134.32
11/21/2016,7462,7462,4406,5743,7462,0,29.8,882.42,136.05
11/22/2016,7445,7445,4365,5722,7445,0,28.5,890.03,135.53
11/23/2016,7428,7376,4364,5673,7376,0,28.5,884.59,136.92
11/24/2016,7406,7406,4342,5728,7406,0,29.5,850.76,135.6
11/25/2016,6723,6723,4299,4522,6723,0,29.2,792.04,120.79
11/26/2016,7253,7253,4129,5286,7253,0,28.4,839.88,129.6
11/27/2016,7450,7450,4286,5609,7450,0,28.5,850.53,134.05
11/28/2016,7486,7488,4384,5511,7488,0,28.8,865.75,133.91
11/29/2016,7486,7488,4384,5511,7488,0,28.8,865.75,133.91
11/30/2016,7601,7601,4341,5735,7601,0,29.2,866.04,137.49
12/1/2016,7550,7550,4422,5504,7550,0,29.6,865.88,136.53
12/2/2016,6811,6811,4391,4816,6811,0,29.6,869.35,122.73
12/3/2016,7551,7551,4200,5403,7551,0,29.5,880.13,131.89
12/4/2016,7642,7642,4436,5558,7642,0,30.4,887.28,137.61
12/5/2016,7557,7557,4407,5628,7557,0,29.6,857.5,136.53
12/6/2016,7549,7549,4266,5648,7549,0,29.6,854.97,143.04
12/7/2016,7589,7589,4247,5817,7589,0,30.7,845.45,135.27
12/8/2016,7499,7499,4336,5828,7499,0,31,834.68,135.31
12/9/2016,6668,6668,4295,4638,6668,0,28.4,825.01,120.58
12/10/2016,7267,7267,3963,5116,7267,0,28.8,865.34,128.34
12/11/2016,7360,7360,4214,5446,7360,0,28.2,849.1,131.06
12/12/2016,7459,7459,4195,5576,7459,0,27.2,852.34,133.39
12/13/2016,7056,7056,4114,5110,7056,0,25.8,824.41,126.03
12/14/2016,7395,7395,3949,5361,7395,0,25.7,838.42,132.08
12/15/2016,7431,7431,4062,5577,7431,0,26.3,842.81,130
12/16/2016,6224,6224,3845,4222,6224,0,26.8,771.14,111.76
12/17/2016,7192,7192,3626,5158,7192,0,26.7,884.84,123.19
12/18/2016,7258,7258,4202,5518,7258,0,26.8,892.52,139.14
12/19/2016,7304,7304,4165,5450,7304,0,26,869.68,131.65
12/20/2016,7362,7362,4144,5468,7362,0,26.8,863.82,142.51
12/21/2016,7331,7331,4147,5451,7324,0,25.8,855.09,131.38
12/22/2016,7331,7331,4147,5451,7324,0,25.8,855.09,131.38
12/23/2016,7331,7331,4147,5451,7324,0,25.8,855.09,131.38
12/24/2016,7331,7331,4147,5451,7324,0,25.8,855.09,131.38
12/25/2016,7331,7331,4147,5451,7324,0,25.8,855.09,131.38
12/26/2016,7405,7405,4346,5594,7405,0,27.5,824.47,134.21
12/27/2016,7385,7385,4173,5500,7385,0,26.5,853.35,132.54
12/28/2016,7495,7495,4202,5667,7495,0,25.8,817.59,133.6
12/29/2016,7427,7427,4243,5648,7427,0,25.8,823.46,133.86
12/30/2016,6595,6595,4212,4759,6595,0,26.8,800.03,118.85
12/31/2016,7291,7291,3945,5158,7291,0,26.2,861.6,128.38
1/1/2017,7294,7294,4197,5518,7294,0,26.8,874.31,131.42
1/2/2017,7400,7400,4169,5464,7400,0,27.8,878.64,131.71
1/3/2017,7371,7371,4163,5631,7371,0,27.2,853.86,132.4
1/4/2017,7458,7458,4210,5485,7458,0,26.6,847.21,132.74
1/5/2017,7373,7373,4248,5613,7373,0,23.9,827.34,140.5
1/6/2017,6542,6542,4200,4901,6542,0,23.6,787.69,119.37
1/7/2017,7279,7279,3771,5247,7279,0,26,872.45,125.65
1/8/2017,7376,7376,4191,5626,7376,0,27,882.9,132.45
1/9/2017,7457,7457,4195,5661,7457,0,27.3,860.56,134.09
1/10/2017,7438,7438,4202,5702,7438,0,25.6,869.74,134.48
1/11/2017,7553,7553,4190,5865,7553,0,25,869.72,136.17
1/12/2017,7369,7369,4310,5731,7369,0,25,865.82,134.1
1/13/2017,6674,6674,4219,4953,6674,0,23.2,849.41,120.6
1/14/2017,7384,7384,3926,5264,7384,0,23.4,895.98,129.99
1/15/2017,7225,7225,4246,5588,7225,0,25.6,887.38,132.15
1/16/2017,7319,7319,4242,5752,7319,0,25,894.47,133.6
1/17/2017,7547,7547,4359,5864,7547,0,26.2,870.14,136.61
1/18/2017,7476,7476,4401,5884,7476,0,26.3,887.11,137.84
1/19/2017,7497,7497,4492,6039,7497,0,28,976.89,139.99
1/20/2017,6759,6759,4493,5270,6759,0,26.2,843.58,126.36
1/21/2017,7493,7493,4222,5668,7493,0,27.2,913.55,134.83
1/22/2017,7440,7440,4648,5907,7440,0,27.8,885.32,138.08
1/23/2017,7561,7561,4634,6043,7561,0,26.7,903.79,141.73
1/24/2017,7690,7690,4649,6202,7690,0,28.2,924.09,143.73
1/25/2017,7673,7673,4658,6164,7673,0,27.7,938.99,144.81
1/26/2017,7836,7836,4793,6198,7836,0,30.2,870.34,146.74
1/27/2017,7003,7003,4846,5462,6942,0,27.7,872.57,133.69
1/28/2017,7643,7643,4436,5906,7643,0,26.4,910.5,138.92
1/29/2017,7655,7655,4690,6257,7655,0,25.8,902.26,145.37
1/30/2017,7713,7713,4743,6216,7713,0,25.7,819.73,145.58
1/31/2017,7723,7723,4772,6332,7723,0,26.3,815.16,145.17
2/1/2017,7764,7764,4676,6420,7764,0,27.4,789.97,145.55
2/2/2017,7728,7728,4490,6532,7728,0,26.4,834.12,145.01
2/3/2017,6870,6870,4637,5404,6870,0,25.2,847.44,129.98
2/4/2017,6870,6870,4637,5404,6870,0,25.2,847.44,129.98
2/5/2017,7576,7576,4523,6382,7576,0,32,852.06,142.91
2/6/2017,7576,7576,4523,6382,7576,0,32,852.06,142.91
2/7/2017,7941,7941,4793,6589,7941,0,30.2,857.99,149.28
2/8/2017,7820,7820,4793,6469,7820,0,29,853.51,147.94
2/9/2017,7796,7796,4861,6640,7796,0,28.2,844.98,149.71
2/10/2017,6955,6955,4823,5432,6955,0,29,823.56,131.33
2/11/2017,7616,7616,4485,5970,7616,0,29,876.02,141.85
2/12/2017,7845,7845,4732,6298,7845,0,30.1,857.86,148.02
2/13/2017,7806,7806,4833,6665,7806,0,29.7,859.66,150.99
2/14/2017,7860,7860,4827,6578,7860,0,29.5,842.41,149.85
2/15/2017,7806,7806,5055,6510,7806,0,29.8,842.45,150.7
2/16/2017,7849,7849,5020,6773,7849,0,29.5,845.83,151.85
2/17/2017,7137,7137,5174,5518,7137,0,30.2,823.83,137.05
2/18/2017,7797,7797,4794,5955,7797,0,31.3,890.02,148.51
2/19/2017,8059,8059,5178,6684,8059,0,30,911.57,153.99
2/20/2017,8042,8042,5144,6677,8042,0,28.4,898.69,154.45
2/21/2017,7547,7547,5019,5604,7547,0,31.2,933.43,145.01
2/22/2017,8323,8323,5109,6783,8323,0,30.7,974.95,156.97
2/23/2017,8139,8139,4808,6844,8139,0,30.5,940.42,154.01
2/24/2017,7266,7266,5242,5607,7266,0,29.8,853.88,140.12
2/25/2017,7921,7921,4768,6076,7921,0,29,878.81,144.29
2/26/2017,7795,7803,4886,6729,7803,0,29.8,926.45,151.81
2/27/2017,8011,8011,5085,6662,8011,0,30.8,962.69,152.74
2/28/2017,8011,8011,5085,6662,8011,0,30.8,962.69,152.74
3/1/2017,7962,7962,5211,6911,7962,0,31.5,892.27,161.74
3/2/2017,7962,7962,5211,6911,7962,0,31.5,892.27,161.74
3/3/2017,7692,7692,5213,5737,7692,0,33.2,924.58,147.7
3/4/2017,8176,8176,5345,6253,8176,0,28.6,936.7,153.61
3/5/2017,7488,7488,5348,6835,7488,0,30.4,882.48,154.34
3/6/2017,8063,8063,4197,6156,8063,0,30.2,913.98,144.37
3/7/2017,8264,8264,5495,6898,8209,0,31,920.98,160.82
3/8/2017,7401,7390,5601,6879,7390,0,30.5,898.88,174.26
3/9/2017,7904,7904,4948,6589,7904,0,27.8,893.21,151.15
3/10/2017,6134,6134,4503,5816,6134,0,32,786,133.39
3/11/2017,6134,6134,4503,5816,6134,0,32,786,133.39
3/12/2017,7983,7983,4747,6440,7983,0,29,909.21,147.09
3/13/2017,7890,7890,5013,6163,7890,0,28.2,887.45,146.04
3/14/2017,8048,8048,4996,6387,8048,0,29.5,906.88,149.49
3/15/2017,7780,7780,5003,6425,7780,0,29.8,912.39,151.29
3/16/2017,8087,8087,5059,6713,8087,0,30.5,898.38,160.9
3/17/2017,7587,7587,5258,5734,7587,0,31.6,887.16,146.6
3/18/2017,7174,7174,4697,5751,7153,0,29.6,859,139.3
3/19/2017,8102,8102,4922,6695,8102,0,32.8,898.26,153.27
3/20/2017,7333,7333,4899,6148,7333,0,23.9,824.7,141.68
3/21/2017,7547,7547,5019,5604,7547,0,31.2,933.43,145.01
3/22/2017,8125,8125,5113,6420,8125,0,31.2,936.35,153.36
3/23/2017,8507,8507,5450,7059,8507,0,31.2,973.87,163.5
3/24/2017,8112,8112,5593,6044,8112,0,32.4,954.1,158.27
3/25/2017,7415,7415,3614,4617,7415,0,27.5,839.52,137.96
3/26/2017,7868,7868,4943,5119,7868,0,31.5,901,142.56
3/27/2017,8615,8615,5502,6838,8615,0,32.8,1002.81,172.21
3/28/2017,8737,8737,6084,6516,8737,0,30.6,955.92,170.54
3/29/2017,8099,8099,5819,6650,8099,0,30.1,922.39,164.8
3/30/2017,8305,8305,5367,6533,8305,0,33.2,894.28,161.57
3/31/2017,8394,8394,5803,6181,8394,0,33.6,856.63,165.35
4/1/2017,8610,8610,6182,7156,8610,0,33.8,911.44,175.2
4/2/2017,8410,8410,6604,7424,8410,0,33,980.43,179.34
4/3/2017,7485,7579,5696,7279,7485,0,33.4,877.5,163.37
4/4/2017,8231,8231,4767,6696,8231,0,32.2,930.81,151.39
4/5/2017,6911,6911,5007,6839,6911,0,25,875.86,166.36
4/6/2017,8546,8546,5169,6763,8546,0,30.4,922.4,159.81
4/7/2017,8263,8263,5880,6544,8263,0,30.4,945.44,164.53
4/8/2017,8323,8323,6507,7611,8323,0,34,950.36,180.58
4/9/2017,8558,8685,6428,7518,8558,0,33.7,952.39,174.33
4/10/2017,8968,8968,7181,7881,8968,0,35.5,969.14,193.12
4/11/2017,8730,8812,7081,7738,8730,0,35.7,985.56,189.55
4/12/2017,8744,8807,7053,7925,8744,0,35.1,975.06,192.16
4/13/2017,8824,8834,7012,8081,8824,0,36.2,980.25,196.34
4/14/2017,8406,8451,6596,6916,8406,0,34.8,973.99,180.32
4/15/2017,7484,7852,6361,7597,7484,0,34.5,921.9,175.21
4/16/2017,8505,8505,5190,6129,8505,0,31.5,946.21,161.47
4/17/2017,9100,9100,6022,7450,9100,0,34,997.39,180.46
4/18/2017,9212,9212,6750,7970,9212,0,34.6,1009.06,193.08
4/19/2017,5473,8582,3320,7567,5473,0,30.7,763.68,161.46
4/20/2017,8158,8158,3687,6333,8158,0,29.6,867.67,140.69
4/21/2017,6352,6488,4815,5117,6352,0,28.3,796,133.11
4/22/2017,6133,6133,3695,4984,6133,0,24.8,772.52,118.79
4/23/2017,7557,7557,4190,6172,7557,0,28.8,818.46,132.65
4/24/2017,7160,7160,3892,4459,7160,0,28.8,830.55,120.09
4/25/2017,7921,7921,4544,6627,7921,0,34,905.25,146.61
4/26/2017,8682,8682,5336,6672,8682,0,34,974.27,164.38
4/27/2017,8774,8774,6361,7471,8774,0,34,1013.15,181.59
4/28/2017,8463,8463,6056,6436,8463,0,34.4,999.98,171.26
4/29/2017,7976,7976,5873,7232,7976,0,34.6,931.22,170.19
4/30/2017,8735,8735,4747,7395,8735,0,34.2,930.47,165.93
5/1/2017,6964,6964,4068,5291,6964,0,33,791.94,125
5/2/2017,7722,7722,3519,6192,7722,0,33,924.94,133.13
5/3/2017,8621,8682,6257,7577,8621,0,35.1,1028.3,180.35
5/4/2017,8827,8827,4923,7297,8812,0,34.1,995.84,178.96
5/5/2017,8284,8284,5862,6260,8284,0,35,982.48,169.47
5/6/2017,8697,8697,6297,7199,8697,0,34.2,1005.15,177.88
5/7/2017,8717,8717,5894,7319,8717,0,34.4,1012.2,179.92
5/8/2017,8449,8449,6879,7894,8449,0,36.2,963.65,190.79
5/9/2017,7844,8342,5823,6874,7844,0,31.7,874.96,171.49
5/10/2017,8598,8598,5711,7067,8598,0,33,971.36,170.47
5/11/2017,7830,8046,6865,7847,7830,0,35.6,916.75,183.18
5/12/2017,8230,8230,5346,6110,8230,0,35,953.16,162.43
5/13/2017,8731,8759,6751,7484,8731,0,34.8,980.17,186.81
5/14/2017,8450,8450,6548,7618,8450,0,34.7,938.35,185.94
5/15/2017,8406,8406,4578,6574,8146,0,32.7,791.25,162.43
5/16/2017,8137,8137,3393,6468,8137,0,31,909.98,140.59
5/17/2017,8090,8090,4641,7353,8090,0,33.4,854.99,169.97
5/18/2017,8184,8277,4816,6910,8184,0,34.2,942.78,159.41
5/19/2017,7910,7954,6241,6790,7910,0,36,939.1,168.5
5/20/2017,8244,8244,6775,7400,8244,0,36,910.81,179.11
5/21/2017,8483,8483,6625,7201,8483,0,36,966.22,179.88
5/22/2017,8259,8259,7346,7878,8259,0,36.8,964.28,188.43
5/23/2017,8492,8492,7195,7739,8492,0,37,977.5,186.96
5/24/2017,8607,8782,7517,7920,8607,0,36.2,1009.59,193.94
5/25/2017,8593,8725,7545,8004,8593,0,36.6,968.47,217.27
5/26/2017,8055,8228,5651,7069,8055,0,35.4,969.95,178.13
5/27/2017,9356,9471,6689,7849,9356,0,35,1053.73,191.9
5/28/2017,9263,9263,7646,8473,9263,0,34.5,1101.35,206.19
5/29/2017,9219,9219,7641,8571,9219,0,35,1085.26,206.17
5/30/2017,8270,8635,6293,6571,8270,0,30.5,991.71,174.8
5/31/2017,8241,8295,6324,8015,8241,0,34.3,1055.19,184.59
6/1/2017,7652,7945,6213,6989,7652,0,27.8,970.52,172.44
6/2/2017,7565,7565,5388,6186,7565,0,33,994.35,158.16
6/3/2017,9089,9089,6022,7202,9089,0,35,1047.26,179.82
6/4/2017,8823,8823,6777,7294,8823,0,34.2,1041.66,186.54
6/5/2017,8336,8343,6309,7765,8336,0,33,1016.54,177.2
6/6/2017,9229,9276,6058,8061,9229,0,35.5,1058.36,192.74
6/7/2017,9479,9479,7804,8743,9479,0,37.1,1068.73,209.59
6/8/2017,9111,9329,7822,8549,9111,0,36.1,1052.61,207.49
6/9/2017,8973,9048,6986,7461,8973,0,33.9,1042.96,192.82
6/10/2017,9395,9395,7307,8206,9395,0,36,1058.27,203.57
6/11/2017,8942,9091,7297,8106,8942,0,32.8,1000.03,198.65
6/12/2017,7649,7784,4931,5723,7649,0,26.4,928.53,154.57
6/13/2017,9114,9130,5446,7187,9114,0,33.2,1093.42,176.89
6/14/2017,8893,9091,6950,7823,8893,0,33.4,1061.67,196.03
6/15/2017,9323,9323,6747,7915,9323,0,34,1044.8,197
6/16/2017,8407,8732,6095,6365,8407,0,30.2,1017.61,173.64
6/17/2017,9055,9128,6368,7439,9055,0,33.4,1071.97,187.33
6/18/2017,9067,9100,6791,8106,9067,0,34,1035.54,204.15
6/19/2017,8315,8315,6151,6956,8315,0,29.5,972.17,177.9
6/20/2017,9038,9038,5630,6563,9038,0,31.8,1025.01,179.14
6/21/2017,9166,9166,6464,7581,9166,0,32.4,1043.42,188.87
6/22/2017,8947,8961,6608,7841,8947,0,32.4,1032.74,192.24
6/23/2017,8622,8710,6088,6732,8622,0,35.2,1039.32,181.27
6/24/2017,8415,8417,6335,6598,8415,0,34,1024.61,178.44
6/25/2017,8083,8083,5505,5720,8083,0,33.5,970.89,163.67
6/26/2017,7727,7784,5224,5839,7727,0,33.5,934.32,157.2
6/27/2017,7776,7877,5364,5516,7776,0,34,865.02,156.24
6/28/2017,7532,7598,5332,5735,7532,0,33.2,739.46,154.36
6/29/2017,7634,7765,5215,5990,7634,0,34.4,941.02,154.61
6/30/2017,7452,7533,5268,5496,7452,0,32.6,940.7,155.45
7/1/2017,8602,8602,5897,6499,8602,0,32.4,1029.31,169.65
7/2/2017,8487,8487,5937,6933,8487,0,33.8,1047.76,176.54
7/3/2017,8612,8612,5805,6857,8612,0,30.2,1056.57,175.18
7/4/2017,8788,8788,6016,7181,8788,0,29.7,1055.42,178.38
7/5/2017,8897,8897,6221,7298,8897,0,30.1,1022.7,179.64
7/6/2017,9039,9039,6375,7603,9039,0,33.2,1016.02,182.11
7/7/2017,8742,8742,6344,6629,8742,0,33,1010.89,178.9
7/8/2017,9063,9063,6657,7671,9063,0,32.8,1033.83,189.65
7/9/2017,8942,8966,6783,7725,8942,0,33.5,1013.52,190.5
7/10/2017,8856,8856,6830,7555,8856,0,31.6,967.66,189.1
7/11/2017,8855,8855,6450,7099,8855,0,31.7,974.32,183.42
7/12/2017,9147,9147,6158,7412,9147,0,31.6,950.09,182.78
7/13/2017,8953,8953,6598,7682,8906,0,32,953.5,191.81
7/14/2017,8739,8923,6241,6797,8739,0,33.8,972.61,179.36
7/15/2017,9143,9227,6701,7738,9143,0,34.6,971.56,189.78
7/16/2017,9334,9334,7499,8176,9334,0,35.8,1017.13,208.98
7/17/2017,8987,9023,7668,8274,8987,0,35.4,1014.31,197.56
7/18/2017,9258,9258,7779,8455,9258,0,36.6,1009.31,204.82
7/19/2017,8898,8898,7113,7709,8898,0,29.2,974.34,191.55
7/20/2017,8711,8711,6266,7299,8670,0,28.4,903.35,181.98
7/21/2017,8575,8575,5850,6227,8575,0,30.8,886.94,167.72
7/22/2017,8901,8937,6298,7158,8901,0,32.6,963.91,189.85
7/23/2017,8668,8668,6777,7418,8668,0,32.4,943.78,183.82
7/24/2017,8149,8149,5865,6450,8149,0,28.1,922.33,162.75
7/25/2017,8411,8411,5106,6625,8411,0,27.8,941.44,160.46
7/26/2017,8873,8873,5923,6716,8873,0,29.4,974.35,172.58
7/27/2017,8849,8868,6380,7642,8849,0,33.4,963.33,185.29
7/28/2017,8377,8396,6257,6795,8377,0,33,984.4,176.78
7/29/2017,8870,8870,6768,7340,8870,0,32.4,988.01,185.28
7/30/2017,8578,8718,7077,7828,8578,0,33.1,958.55,189.26
7/31/2017,9039,9039,7116,7995,9039,0,34,999.77,195.75
8/1/2017,9180,9180,7371,8275,9180,0,34,987.61,192.6
8/2/2017,9266,9266,7361,8253,9266,0,34.9,997.64,198.95
8/3/2017,9176,9176,7157,7957,9176,0,33.4,995.56,196.47
8/4/2017,8821,8911,6802,7060,8821,0,33.8,976.37,186.21
8/5/2017,9470,9470,7073,7806,9470,0,33.3,1058.04,197.32
8/6/2017,9167,9167,7283,8078,9167,0,31.6,1048.78,210.95
8/7/2017,9166,9166,6846,7570,9166,0,32.4,1026.88,195.39
8/8/2017,9314,9314,7214,7919,9314,0,34.2,1027.41,198.31
8/9/2017,9037,9037,7404,7948,9037,0,32.2,986.89,196.62
8/10/2017,8894,9021,7136,7220,8911,0,32.4,986.89,208.93
8/11/2017,8894,8377,5752,6217,8377,0,30,928.99,170.52
8/12/2017,8752,8752,5525,6658,8752,0,28.5,977.58,174.78
8/13/2017,8831,8831,6149,7401,8831,0,31.6,1007.19,182.04
8/14/2017,8977,8977,6421,7499,8977,0,30.8,982.85,185.84
8/15/2017,8765,8765,6402,6998,8765,0,32.2,992.36,179.49
8/16/2017,9064,9064,6842,7487,9064,0,31,1013.87,192.91
8/17/2017,9201,9318,6862,8011,9201,0,32.6,1031.91,197.82
8/18/2017,8850,8881,6654,6860,8850,0,31,1020.14,186.88
8/19/2017,9253,9254,6748,7289,9253,0,34,1034.33,189.72
8/20/2017,9284,9284,7397,8308,9284,0,33.5,1050.36,201.13
8/21/2017,9318,9318,7693,8385,9318,0,33.6,1027.11,202.11
8/22/2017,9180,9227,6922,7952,9180,0,33.2,1020.01,198.01
8/23/2017,9129,9129,6996,7947,9129,0,32.8,995.3,195.46
8/24/2017,8986,8986,7307,8215,8986,0,33.2,980.38,200.29
8/25/2017,8933,8940,6769,7305,8933,0,32.5,996.46,191.47
8/26/2017,9253,9253,7246,7619,9253,0,32.6,991.38,207.26
8/27/2017,9110,9120,6692,8253,9110,0,32.6,984.47,196.79
8/28/2017,9084,9084,7237,8003,9084,0,33.2,981.35,199.09
8/29/2017,9088,9088,7340,8051,9088,0,33.6,1014.52,208.91
8/30/2017,8980,8983,6879,7803,8980,0,33.5,1026.73,196
8/31/2017,8053,8370,6699,6937,8053,0,32.2,993.24,180.28
9/1/2017,7889,7972,5624,5541,7719,0,33,960.13,163.22
9/2/2017,7951,7951,4928,4758,7781,0,33,930.83,152.09
9/3/2017,7719,7728,5465,5979,7719,0,33.9,928.66,157.19
9/4/2017,8079,8079,5693,6213,8079,0,35.5,960.81,164.28
9/5/2017,8245,8245,6091,6581,8245,0,35,1019.22,174.67
9/6/2017,8422,8422,6339,6890,8422,0,32.2,1053.04,177.61
9/7/2017,8449,8449,6437,7067,8449,0,34.8,1064.24,179.76
9/8/2017,8672,8672,6238,6690,8672,0,31,994.54,176.04
9/9/2017,8804,8804,6651,7363,8804,0,34,1049.72,181.67
9/10/2017,8358,8358,6392,7289,8358,0,31.5,1049.73,177.11
9/11/2017,8583,8583,5980,6745,8583,0,27,1052.63,182.07
9/12/2017,9016,9016,6214,7419,9016,0,32.7,1038.89,184.92
9/13/2017,9049,9049,6833,7934,9049,0,32.6,1022.82,194.32
9/14/2017,9194,9194,7027,7797,9194,0,32.5,979.32,195.53
9/15/2017,8839,8839,6829,7122,8839,0,33.4,967.32,193.37
9/16/2017,8984,9154,7392,7956,8984,0,36,993.23,197.34
9/17/2017,9094,9094,6685,7445,9094,0,31.2,968.71,193.23
9/18/2017,8959,8959,6767,8125,8959,0,34.5,964.47,193.54
9/19/2017,9047,9047,6898,7823,9047,0,30,958.13,191.51
9/20/2017,9122,9122,6852,7711,9122,0,31,972.48,191.17
9/21/2017,9215,9215,6969.4,7966,9215,0,32.8,1010.39,195.43
9/22/2017,8930,8930,6674,7125,8930,0,34.6,972.66,188.21
9/23/2017,9056,9159,7319.3,7987,9056,0,35.5,1024,197.97
9/24/2017,9276,9281,8018.2,8542,9276,0,35.5,1031.97,197.98
9/25/2017,9272,9272,7965.4,8554,9272,0,33.9,1036.69,207.61
9/26/2017,9431,9431,7885.7,8474,9431,0,32.8,1036.69,211.97
9/27/2017,9231,9250,7701.7,8278,9231,0,32.5,1057.13,208.31
9/28/2017,8910,8910,7287.1,8522,8910,0,32.1,980.39,200.28
9/29/2017,8187,8187,5051.1,5548,8187,0,28.8,971.31,158.73
9/30/2017,9009,9009,6025.5,7201,9009,0,31.6,1023.09,177.31
10/1/2017,8874,8874,6293.1,7195,8874,0,32.5,1027.89,180.56
10/2/2017,9377,9377,6460.1,8176,9377,0,33.2,1034.11,200.42
10/3/2017,9382,9389,6901.4,8120,9382,0,35,1059.54,199.07
10/4/2017,9078,9078,7347.3,8271.2,9078,0,35.6,1033.6,201.65
10/5/2017,9077,9264,7296.3,8232.1,9077,0,36.5,1050.9,203.26
10/6/2017,9128,9128,7047.3,7332,9128,0,36.5,1034.09,189.27
10/7/2017,9428,9428,6686.5,7602.7,9428,0,32.5,1053.06,194.65
10/8/2017,9326,9326,6838.2,7825.4,9326,0,31.9,1022.54,195.63
10/9/2017,9251,9251,6319.2,7490.4,9251,0,29.3,1014.33,187.53
10/10/2017,9289,9289,6626.2,7756.5,9289,0,34.2,1040.96,198.58
10/11/2017,9181,9233,7096.1,8069.5,9181,0,34.5,1040.93,195.72
10/12/2017,9261,9261,7393,8064,9261,0,34.7,1047.43,203.6
10/13/2017,8981,8981,6806.4,7106.4,8981,0,34,1016.07,189.65
10/14/2017,9168,9214,6895.3,7542.1,9168,0,33.6,1005.1,188.89
10/15/2017,9236,9249,6789.1,8025.7,9236,0,33,1067.57,198.41
10/16/2017,9154,9190,7170.2,8130.7,9154,0,34,1040.69,200.61
10/17/2017,9200,9200,7155.1,8100.1,9200,0,34.8,1002.59,202.13
10/18/2017,9507,9507,7164.8,7964.6,9507,0,34,985.97,202.03
10/19/2017,8902,8902,6052.4,7453.1,8902,0,30.5,970.33,189.96
10/20/2017,6638,7938,4535.1,5458.3,6638,0,25.2,791.16,146.16
10/21/2017,5413,5413,3198,3982,5413,0,25.7,705.73,103.83
10/22/2017,8061,8061,4207,5878,8061,0,28.5,867.33,142.1
10/23/2017,9139,9139,5160,6650.3,9139,0,32.8,951.71,165.05
10/24/2017,8859,8859,5894,6914.9,8859,0,31.5,933.05,175.48
10/25/2017,9222,9222,5870.1,6916.9,9222,0,30.8,958.17,172.91
10/26/2017,9179,9179,5957,6927.5,9179,0,31.4,961.1,174.43
10/27/2017,7899,7899,5148,5669.6,7899,0,31.6,889.39,163.57
10/28/2017,8444,8444,5275,6198.7,8444,0,30.3,911.15,156.34
10/29/2017,8365,8365,5391,6732.5,8365,0,30.4,902.89,160.91
10/30/2017,7644,7644,5290,6400.5,7644,0,25.3,877.51,156.91
10/31/2017,8183,8183,4538,6203.7,8183,0,28,953.28,144.78
11/1/2017,8224,8224,4878,6562.1,8224,0,30.5,913.74,154.06
11/2/2017,8407,8407,4978,6512.8,8407,0,31.1,944.47,155.75
11/3/2017,7507,7507,4775.8,5317,7507,0,31.8,899.99,140.45
11/4/2017,8496,8496,5046,6183.1,8496,0,33.2,1017.89,152.97
11/5/2017,9015,9015,5617,7024.1,9015,0,33.2,1035.86,169.45
11/6/2017,8891,8891,5696,7101.1,8891,0,33,994.09,169.87
11/7/2017,8777,8777,5578,6867.1,8777,0,33.2,988.18,172.94
11/8/2017,8675,8675,5621,7098.1,8675,0,32,938.32,165.92
11/9/2017,8711,8711,5596,7084,8711,0,31.2,934.99,165.92
11/10/2017,7603,7603,5018.1,5333.2,7603,0,30.8,891.02,145.2
11/11/2017,8560,8560,5059,6326.1,8652,0,32.2,960.44,152.25
11/12/2017,8600,8600,5311,6855.1,8692,0,29.5,919.48,160.96
11/13/2017,8605,8605,5431,6884,8605,0,32.8,888.8,162.38
11/14/2017,8637,8637,5389,6784.7,8637,0,30.6,965.84,156.25
11/15/2017,7964,7964,5510,6529.6,7964,0,27.2,939.16,156.93
11/16/2017,8170,8170,4974,6406.7,8170,0,25.2,893.09,151.23
11/17/2017,7469,7469,4826,5366,7469,0,28.4,840.72,137.97
11/18/2017,8503,8503,4937,6192.6,8503,0,31.4,897.71,154.68
11/19/2017,8693,8693,5642,6729.2,8693,0,31.4,930.46,165.67
11/20/2017,8711,8711,5556,6742.8,8711,0,30.7,944.45,161.65
11/21/2017,8253,8253,5324,6403,8253,0,29,903.69,155.15
11/22/2017,8009,8009,4922,6124.9,8009,0,27.9,899.13,148.33
11/23/2017,7915,7915,4937,6134.8,7915,0,27.7,885.62,148.11
11/24/2017,7070,7070,4514,4960.8,7070,0,28.8,841.33,129.06
11/25/2017,7751,7751,4424,5910.9,7751,0,28.5,873.96,140.85
11/26/2017,7836,7836,4683,5861.8,7836,0,28.3,905.9,145.34
11/27/2017,7883,7883,4718,6004.8,7883,0,28.6,896.03,143.64
11/28/2017,7915,7915,4637,5819.6,7915,0,28,868.03,144.78
11/29/2017,7915,7915,4637,5819.6,7915,0,28,868.03,144.78
11/30/2017,7755,7755,4598,5851,7755,0,28.3,893.16,143.5
12/1/2017,7755,6982,4593.4,4960,6982,0,29,843.37,128.1
12/2/2017,7362,7362,4303,5327.1,7362,0,28.9,881.33,132.86
12/3/2017,7739,7739,4425,5731,7739,0,28.5,897.43,139.66
12/4/2017,7881,7881,4551,5917,7881,0,27.2,906.11,147.29
12/5/2017,8015,8015,4641,5875.8,8015,0,28.2,870.25,143.13
12/6/2017,7960,7960,4581,5887.8,7960,0,27.2,873.33,143.65
12/7/2017,7826,7826,4582,6054.9,7826,0,28.6,878.17,145.23
12/8/2017,6920,6920,4511.9,4938.8,6920,0,23,841.96,142.31
12/9/2017,7335,7335,4019,5709.2,7335,0,22.8,853.89,133.42
12/10/2017,7803,7823,4232,6251.2,7823,0,27.3,939.23,145.13
12/11/2017,8028,8028,4577,6293.1,8028,0,25.2,920.3,148.15
12/12/2017,8024,8024,4790,6003.8,8024,0,29.4,847.54,147.47
12/13/2017,8002,8002,4828,5903.5,8002,0,28.7,849.08,147.95
12/14/2017,7742,7742,4827,6132.7,7742,0,28.6,851.86,147.38
12/15/2017,7002,7002,4567.4,5022.3,7002,0,26.4,784.32,129.82
12/16/2017,6591,6591,4200,4684.7,6591,0,25.2,779.88,118.58
12/17/2017,7627,7627,4125,5650.4,7627,0,25.3,827.08,135.39
12/18/2017,7842,7842,4441,5801.5,7842,0,25.4,832.87,142.02
12/19/2017,7842,7842,4441,5801.5,7842,0,25.4,832.87,142.02
12/20/2017,7894,7894,4434,5818.9,7894,0,25.2,844.36,140.3
12/21/2017,7896,7896,4508,5827.3,7896,0,26.1,866.65,139.5
12/22/2017,7064,7064,4457.4,4901.9,7064,0,27.2,826.76,127.03
12/23/2017,7829,7829,4381,5383.5,7829,0,25,902.14,136.89
12/24/2017,7935,7935,4614,5951.7,7935,0,26.6,891.19,148.76
12/25/2017,7829,7829,4590,5646.6,7829,0,27.1,882.92,140.58
12/26/2017,7957,7957,4526,5992.7,7957,0,26.3,866.43,142.39
12/27/2017,7798,7798,4547,5928.8,7798,0,27.1,878.49,143.91
12/28/2017,7753,7753,4562,6137.8,7753,0,24.6,882.52,141.73
12/29/2017,6919,6919,4558,5049.9,6919,0,27,785.53,129.19
12/30/2017,7812,7812,4309,5566,7812,0,29.1,846.06,137.69
12/31/2017,7703,7703,4545,5940.9,7703,0,28.3,860.24,143.3
1/1/2018,7651,7651,4594,5926.5,7651,0,26.8,860.5,141.65
1/2/2018,7782,7782,4472,5806.2,7782,0,26.5,833.71,142.35
1/3/2018,7717,7717,4483,5927.9,7717,0,24.6,815.67,140.86
1/4/2018,7739,7739,4336,5954.2,7739,0,21.8,844.1,140.37
1/5/2018,6967,6967,4345,5130.2,6967,0,22.5,816.26,127.67
1/6/2018,7657,7657,4098,5455,7657,0,23.6,862.21,132.12
1/7/2018,7700,7700,4366,5770.5,7700,0,20.2,865.51,138.09
1/8/2018,7868,7868,4376,5888,7868,0,18,875.03,138.46
1/9/2018,7895,7895,4405,5997.3,7895,0,22.8,875.94,142.45
1/10/2018,7755,7755,4549,5894.2,7755,0,22,841.39,140.87
1/11/2018,7972,7972,4464,6191.4,7972,0,17.8,897.88,145.28
1/12/2018,7020,7020,4532,5357,7020,0,20.6,866.2,132.35
1/13/2018,7842,7842,4237,6128,7842,0,20.5,898.86,143.01
1/14/2018,7627,7627,4588,6176,7627,0,18.9,875.98,145.57
1/15/2018,7970,7970,4603,6250,7970,0,22.2,862.97,144.32
1/16/2018,7784,7784,4658,6120.4,7784,0,23.7,881.36,142.6
1/17/2018,8061,8061,4748,6170.3,8061,0,25,864.32,149.06
1/18/2018,7878,7878,4698,6324.5,7878,0,26.1,817.57,149.12
1/19/2018,7273,7273,4686,5368.3,7273,0,26.7,773.66,134.17
1/20/2018,7684,7684,4479,5776,7684,0,25,810.67,140.24
1/21/2018,7841,7841,4731,6216.5,7841,0,25.2,791.58,146.95
1/22/2018,7810,7810,4715,6368.6,7810,0,24.2,831.6,149.61
1/23/2018,7881,7881,4795,6303.8,7881,0,26.4,842.03,150.04
1/24/2018,7973,7973,4889,6492.9,7973,0,26.5,870.65,152.68
1/25/2018,8183,8183,5032,6541.9,8183,0,26.5,869.72,158.28
1/26/2018,7285,7285,4907,5644.2,7285,0,25.7,845.41,137.94
1/27/2018,8051,8051,4583,6163.3,8051,0,22.3,848.01,145.56
1/28/2018,8144,8144,4818,6497.9,8144,0,24.2,880.51,153.09
1/29/2018,8251,8251,4811,6576.8,8251,0,24.6,883.78,153.87
1/30/2018,8231,8231,4847,6752.7,8231,0,25,852.58,154.25
1/31/2018,8186,8186,4896,6788.4,8186,0,25.6,879.91,154.89
2/1/2018,8162,8162,4928,6870.5,8162,0,25.5,861.41,155.82
2/2/2018,7262,7262,4415,5739.5,7262,0,28,823.65,136.05
2/3/2018,8109,8109,4557,6632.1,8109,0,25.5,941.34,146.68
2/4/2018,8139,8139,4842,6511.6,8139,0,28.6,854.84,151.67
2/5/2018,8247,8247,4794,6798.2,8247,0,28.7,844.42,155.98
2/6/2018,7976,7976,4871,6500.4,7976,0,28.4,835.02,152.32
2/7/2018,8258,8258,4989,6956.7,8258,0,28.3,824.58,157.48
2/8/2018,8115,8115,5192,7184.2,8115,0,28.2,816.21,158.62
2/9/2018,7449,7449,5074,5831,7449,0,28.6,844.84,143.04
2/10/2018,8144,8144,4943,6783.5,8144,0,28.5,876.14,154.61
2/11/2018,8032,8032,5002,6843.3,8032,0,27.8,892.26,155.82
2/12/2018,8165,8165,5042,6882,8165,0,29.8,921.98,157.18
2/13/2018,8421,8421,5083,7198,8421,0,29.5,950.1,160.97
2/14/2018,8419,8419,5187,6831.7,8419,0,28.4,888.42,158.92
2/15/2018,8288,8288,5267,7155.2,8288,0,27.8,881.92,160.48
2/16/2018,7455,7455,5138,5743.2,7455,0,28.6,843.67,141.64
2/17/2018,8158,8158,4909,6790.1,8158,0,28.3,935.93,155.71
2/18/2018,8465,8465,5131,7052.8,8465,0,28.9,983.9,161.21
2/19/2018,8551,8551,5258,7079.8,8551,0,30.2,911.35,162.93
2/20/2018,8553,8553,5337,7364.8,8553,0,30.8,900.89,167.22
2/21/2018,7631,7631,5303,6040.8,7631,0,31.1,883.09,141.05
2/22/2018,8508,8508,4916,7176.7,8508,0,31,938.13,160.78
2/23/2018,7980,7980,5485,6044.8,7980,0,31.6,919.89,159.78
2/24/2018,8848,8848,5323,7205,8848,0,32.5,982.3,166
2/25/2018,8763,8763,5878,7547.8,8763,0,33.6,897.19,176.02
2/26/2018,8060,8060,2515,6045,8060,0,30.7,844.85,139.74
2/27/2018,8768,8768,5181,7017.1,8768,0,31,894.32,164.95
2/28/2018,8794,8794,5824,7444.3,8794,0,31.8,916,174.19
3/1/2018,8835,8835,5843,7467,8835,0,31.5,930.61,174.32
3/2/2018,8316,8316,5973,6246.6,8316,0,32.6,927.11,159.66
3/3/2018,9262,9262,5777,6941,9262,0,33.8,982.58,174.47
3/4/2018,9032,9032,6553,7822.3,9032,0,34.5,941.08,194.64
3/5/2018,9015,9015,6859,8116,9015,0,33.4,915.51,191.25
3/6/2018,9307,9307,6637,8109.2,9307,0,33.4,931.37,189.62
3/7/2018,9431,9431,6689,8057.4,9431,0,32.3,966.83,189.94
3/8/2018,9241,9241,6252,7776,9241,0,32,890.04,183.78
3/9/2018,8306,8306,6066.3,6335.1,8306,0,32.2,857.27,167.3
3/10/2018,9249,9249,5829,7095.2,9249,0,32,928.64,176.03
3/11/2018,9454,9454,6256,7927.9,9454,0,33.6,983.38,182.5
3/12/2018,9533,9533,6364,7946,9533,0,34,958.74,183.57
3/13/2018,9616,9616,6645,8237.7,9616,0,34.2,943.55,192.63
3/14/2018,9494,9494,6524,8080.9,9494,0,34.2,943.98,185.94
3/15/2018,9715,9715,6896,8200,9715,0,32.9,986.53,190.18
3/16/2018,8842,8842,6548,6540,8842,0,31.5,944.9,177.74
3/17/2018,9467,9467,6538,8038.2,9467,0,33.9,983.21,190.51
3/18/2018,9939,9939,6918,8223.1,9939,0,34.6,955.62,198.83
3/19/2018,10084,10084,7140,8155.3,10084,0,34.4,976.88,199.69
3/20/2018,9578,9578,7079,8325,9578,0,34,933.31,198.49
3/21/2018,9641,9714,7029,8402,9714,0,34.6,934.64,196.77
3/22/2018,9819,9819,7219,8476.9,9819,0,33.1,977.29,206.88
3/23/2018,9344,9344,6897.8,7267.9,9344,0,33.6,953.32,188.23
3/24/2018,9470,9470,7308,8147,9470,0,33.5,1004.4,199.83
3/25/2018,8962,9190,7716,8408.9,8962,0,33.7,966.78,200.48
3/26/2018,8654,8654,6738.7,7440.3,8654,0,33.5,863.86,182.76
3/27/2018,9318,9318,6112,7897,9318,0,33.9,917.1,186.66
3/28/2018,9306,9306,7497,8117.4,9306,0,36.1,928.73,198.97
3/29/2018,9147,9147,7250,8330,9147,0,33.5,917.48,197.04
3/30/2018,5487,7815,6062.2,6315.2,5487,0,29.1,748.43,148.06
3/31/2018,8314,8314,1774,4893.4,8314,0,28.9,912.38,132.07
4/1/2018,9147,9147,5696,7359.1,9147,0,34.2,932.62,171.56
4/2/2018,9258,9258,5910,7658.5,9258,0,30,888.34,179.08
4/3/2018,9350,9350,6551,8216.2,9350,0,34.2,906.2,196.31
4/4/2018,9248,9248,7014,7969.2,9248,0,34,909.48,192.14
4/5/2018,7443,8386.2,7322,8361.2,7443,0,34.1,853.59,185.14
4/6/2018,8396,8396,5243,5941.9,8396,0,31,867.86,157.2
4/7/2018,9255,9255,5607,7424.3,9255,0,33.9,902.08,176.57
4/8/2018,9200,9200,5953,7269.5,9200,0,33,916.69,171.78
4/9/2018,9510,9510,6360,8255.1,9510,0,33.6,943.3,191.33
4/10/2018,9355,9355,5947,7950.4,9355,0,33.7,955.77,184.4
4/11/2018,8943,8943,7007.8,6580.6,8943,0,33,936.89,190.23
4/12/2018,8917,8917,5187,7923.3,8917,0,33.4,875.19,167.25
4/13/2018,9257,9257,5332.3,6363.3,9257,0,32.8,942.12,164.53
4/14/2018,7665,8282,6680,7522.3,7665,0,34.1,907.66,176.18
4/15/2018,9961,9961,5767,8044,9961,0,34.4,1032.07,186.93
4/16/2018,9702,9702,7383.3,8840,9702,0,36.5,986.47,206.55
4/17/2018,8464,8464,7051.2,7437.1,8464,0,31.6,844.43,177.46
4/18/2018,9758,9758,4376,7536.3,9758,0,32.6,929.91,170.21
4/19/2018,9425,9425,5443.3,7639.7,9425,0,32.4,977.76,173.78
4/20/2018,8095,8090,5926.4,6206.6,8095,0,35,919.61,165.41
4/21/2018,8498,8498,6263.1,7094.3,8498,0,33.1,907.17,172.92
4/22/2018,8461,8624,6458,7953.8,8461,0,33.5,926.74,182.25
4/23/2018,9778,9778,6641,8105.4,9778,0,34.7,956.74,195.27
4/24/2018,10137,10137,7235,8526.2,10137,0,34.5,989.03,209.82
4/25/2018,8591,9269,7229,8329.3,8591,0,34.1,854.95,188.12
4/26/2018,9261,9261,5379,7243.4,9261,0,33.8,851.01,170.95
4/27/2018,8876,8876,4793,6297.3,8876,0,31,958.33,156.67
4/28/2018,9573,9573,6303,7884.3,9573,0,34.3,971.49,194.76
4/29/2018,7807,7807,4197.1,5524.6,7807,0,28.1,837.51,152.25
4/30/2018,6579,6579,4666,5636.6,6579,0,32.8,854.12,130.69
5/1/2018,6579,6579,4666,5636.6,6579,0,32.8,854.12,130.69
5/2/2018,6579,6579,4666,5636.6,6579,0,32.8,854.12,130.69
5/3/2018,9091,9091,4966,7342.8,9091,0,32.5,1011.88,165.4
5/4/2018,8024,8024,5412.1,5686.1,8024,0,34,883.02,156.76
5/5/2018,8883,8883,5506.1,7201,8883,0,32.7,922.23,167.88
5/6/2018,9758,9758,5881,7898,9758,0,33.7,944.15,180.32
5/7/2018,9641,9641,5390,7083.3,9641,0,30,944.15,188.48
5/8/2018,9566,9566,6629,7628.1,9566,0,33,1002.28,193.74
5/9/2018,9446,9446,7153.1,7650.3,9446,0,31.9,972.95,192.36
5/10/2018,8033,8376,6903,7342.4,8033,0,30.2,809.86,175.6
5/11/2018,6549,6724,5165.8,5767.7,6549,0,31,834.92,143.75
5/12/2018,9449,9449,5152,6988,9449,0,32.6,968.95,169.91
5/13/2018,9160,9160,6485,7537.1,9160,0,32.8,945.04,180.26
5/14/2018,9464,9522,6254,7619,9464,0,32.5,950.34,185.73
5/15/2018,9313,9313,6748,7952,9313,0,34.6,889.47,191.21
5/16/2018,8753,8753,4864,6623.3,8753,0,27.4,925.87,163.77
5/17/2018,9703,9726,5949,7620.3,9703,0,32,980.97,185.35
5/18/2018,8668,8766,5835.5,5864.6,8668,0,30,900.24,170.71
5/19/2018,9917,9917,5585,7219.7,9917,0,31.9,1021.93,186.4
5/20/2018,9715,9715,6781.1,7472.4,9715,0,31.1,972.03,193.93
5/21/2018,9715,9715,6781.1,7472.4,9715,0,31.1,972.03,193.93
5/22/2018,10147,10147,6880.1,7877.3,10147,0,32.5,1030.16,199.77
5/23/2018,9904,9904,7062.3,7694.9,9904,0,29.4,1006.54,202.2
5/24/2018,10130,10130,6815,7976.2,10130,0,33.2,979.9,194.99
5/25/2018,8960,9083,6539.3,6999,8960,0,35.2,969.03,189.43
5/26/2018,10699,10699,6781,8129.6,10699,0,34.5,998.42,206.78
5/27/2018,10825,10825,7847.5,8732.9,10825,0,35.5,1005.07,223.99
5/28/2018,10958,10958,7198.5,8783.2,10958,0,35.5,998.89,219.77
5/29/2018,10875,10875,5950.4,8033.3,10875,0,35.4,1034.97,204.9
5/30/2018,9869,9994,7679.4,9123.3,9869,0,36.3,1005.58,221.42
5/31/2018,9887,9887,5907.1,7365.5,9887,0,28.2,933,198.34
6/1/2018,9198,9207,6639.4,6807,9198,0,32.6,919.45,183.07
6/2/2018,10364,10397,6506.1,7861.4,10364,0,33.2,1064.33,200.62
6/3/2018,10602,10602,7592.1,8703.2,10602,0,34.2,1065.63,220.73
6/4/2018,10716,10716,7695.5,8886.3,10716,0,34.5,1067.45,224.15
6/5/2018,10903,10903,7744.7,8864,10903,0,35.1,1054.67,224.24
6/6/2018,10948,10949,8128.3,9023.2,10948,0,34,990.82,227.35
6/7/2018,10909,10909,8521.7,9178.2,10909,0,34,1031.6,233.99
6/8/2018,10561,10561,7425.3,7958.2,10561,0,34.3,1008.47,215.06
6/9/2018,10249,10249,7959.2,9043,10249,0,35.1,1043.93,223.44
6/10/2018,10044,10244,7705.6,8718.6,10044,0,34.6,1019.11,216.07
6/11/2018,10480,10480,7242.6,8523.6,10480,0,33,1058.54,212.43
6/12/2018,9286,9761,7596,8881.2,9286,0,34,1000.29,208.57
6/13/2018,10263,10276,6865.4,7608.4,10263,0,31.5,1022.38,200.31
6/14/2018,9944,9968,7472.6,8150.2,9944,0,35.6,1020.84,206.09
6/15/2018,8616,8774,5720,6515.3,8616,0,34.4,957.76,177.12
6/16/2018,7749,7749,4998.5,5387.9,7749,0,31.2,874.08,147.77
6/17/2018,8503,8503,5345.1,5801.1,8503,0,35.5,904.94,157.06
6/18/2018,9132,9132,5620.3,6436.7,9132,0,35.3,929.43,169.41
6/19/2018,8229,8788,5197.1,5470.1,8229,0,28.5,868.52,161.64
6/20/2018,9186,9209,5756.2,7000.3,9186,0,37.2,999.96,181.85
6/21/2018,9641,9700,6730.6,7678.9,9641,0,35.5,1055.57,194.8
6/22/2018,9615,9753,6767.4,7221,9651,0,35.4,1038.39,194.42
6/23/2018,10021,10021,7032.3,7590.8,10021,0,31.6,1077.74,200.61
6/24/2018,9839,9839,6931.3,8179.5,9839,0,32.4,1109.25,205.42
6/25/2018,10094,10094,6831.3,8081.5,10094,0,31.2,1045.18,200.31
6/26/2018,10337,10337,6501.1,8115.9,10337,0,33.8,1033.87,205.75
6/27/2018,10426,10426,6928.3,8107.9,10426,0,32.2,1072.01,201.7
6/28/2018,10359,10359,6793.4,8287.9,10359,0,33.8,1084.73,208.3
6/29/2018,9456,9574,6526.4,7051.7,9456,0,33.8,1042.95,191.92
6/30/2018,10679,10679,6748.4,8136.3,10679,0,34,1083.69,206.88
7/1/2018,10490,10490,7754.4,8702,10490,0,34.1,987.7,216.25
7/2/2018,10639,10639,7345.04,8587.3,10639,0,33.6,934.37,212.18
7/3/2018,10639,10639,7345.04,8587.3,10639,0,33.6,934.37,212.18
7/4/2018,10046,10046,6881.1,8241,10046,0,31.1,943.75,197.57
7/5/2018,10754,10754,6908.1,8253.7,10754,0,33.2,957.94,208.58
7/6/2018,10426,10426,6808,7249.7,10426,0,34.6,979.58,198.44
7/7/2018,11059,11059,7233.2,8524,11059,0,34.5,994.09,219.25
7/8/2018,10791,10791,8007.3,9009.8,10791,0,33,963.78,231.54
7/9/2018,10966,10966,7794.4,8946.9,10966,0,31.6,995.3,220.77
7/10/2018,10975,10975,7971.5,8979,10975,0,32.8,988.09,220.07
7/11/2018,11210,11210,7856.4,9119,11210,0,34,985.11,228.47
7/12/2018,11149,11149,8235.3,9458,11149,0,36.3,988,232.22
7/13/2018,10304,10419,7417,7810.4,10304,0,36.7,1015.7,210.42
7/14/2018,11306,11306,7901.8,8783.2,11306,0,34.6,1078.48,223.6
7/15/2018,11113,11113,8235.2,9267.9,11113,0,34.7,1054.8,230.7
7/16/2018,10978,10978,7873.5,8838.1,10978,0,27.7,1050.5,224.94
7/17/2018,10928,10928,7821,8971,10928,0,32,1050.62,224.7
7/18/2018,11184,11387,8175.6,9372.6,11184,0,34.7,1037.06,231.62
7/19/2018,11144,11387,8175.6,9735.4,11144,0,37.6,1046.61,231.62
7/20/2018,10357,10976,8338.3,8463.8,10357,0,34.3,1017.81,222.6
7/21/2018,10621,10621,7554.4,7876,10621,0,31.3,1046.25,212.38
7/22/2018,10670,10670,7374.6,8186.4,10670,0,32.6,1039.3,210.09
7/23/2018,10271,10271,7421,8546.5,10271,0,32.7,1059.89,217.57
7/24/2018,9945,9945,7150.5,8203,9945,0,30.3,1038.45,201.49
7/25/2018,10340,10340,6935.2,8224.7,10340,0,34.2,1054.62,203.24
7/26/2018,10256,10256,7328,8326.7,10256,0,28.7,1034.31,204.55
7/27/2018,9613,9613,6828.5,7091.9,9613,0,30.5,1003.52,191.21
7/28/2018,10359,10359,6793.4,8287.9,10359,0,33.8,1084.73,208.3
7/29/2018,10552,10552,7338,8436.8,10552,0,32,1069.26,212.47
7/30/2018,10538,10538,7371.5,8744.4,10538,0,31.8,1087.59,214.44
7/31/2018,10651,10651,7655.1,8962,10651,0,33.2,1146.02,218.8
8/1/2018,10115,10115,7522.4,8569.9,10115,0,32.5,1144.63,211.93
8/2/2018,10086,10086,7318,8295.1,10086,0,32.7,1115.57,205.16
8/3/2018,9727,9727,6474.1,6834.7,9727,0,32.6,1096.45,188.55
8/4/2018,10518,10518,7149,8216,10518,0,34,1159.12,209.35
8/5/2018,10862,10862,8129.4,8831.3,10862,0,32,1150.43,249.5
8/6/2018,10646,10646,7870.4,8980.5,10646,0,34.9,1089.7,225.05
8/7/2018,10862,10862,7440.6,8652,10862,0,33.6,1109.11,218.36
8/8/2018,10902,10902,7985.5,9019.8,10902,0,33.4,1096.65,221.6
8/9/2018,11045,11045,8009.8,9314.4,11045,0,34,1119.74,229.08
8/10/2018,10617,10662,7749.6,8030.7,10617,0,35.6,1123.15,217.81
8/11/2018,11095,11095,8310.7,8777.1,11095,0,34.3,1127.73,225.66
8/12/2018,10086,10086,7318,8295.1,10086,0,32.7,1115.57,205.16
8/13/2018,11174,11217,8491.4,9326,11174,0,34.9,1114.11,231.77
8/14/2018,11099,11099,8433.5,9621.4,11099,0,36.3,1124.58,235.68
8/15/2018,10512,10588,8175.4,8645.2,10512,0,34.6,1157.05,224.4
8/16/2018,11152,11152,8244.2,9558.9,11152,0,35.7,1126.43,233.28
8/17/2018,10940,10940,8136,8502.7,10940,0,33.5,1111.26,227
8/18/2018,10885,10885,8474.5,9510.7,10885,0,36,1101.19,234.36
8/19/2018,10727,10727,7839.3,9261.4,10727,0,34,1117.37,229.58
8/20/2018,9839,10027,7509,8325,9839,0,34.4,1129.01,210.03
8/21/2018,9064,9088,6169,6644.9,9064,0,33.2,1108.4,184.55
8/22/2018,8955,8961,5450.6,5700.9,8955,0,33.5,1095.06,176.54
8/23/2018,9040,9040,6630.9,6999.4,9040,0,34.5,1125.17,184.88
8/24/2018,8996,8996,6153,6543,8996,0,34.7,1147.96,180.63
8/25/2018,9330,9477,6466,7091.3,9330,0,35.7,1160.09,187.93
8/26/2018,9725,9838,6832.2,7670,9725,0,33.7,1197.83,198.86
8/27/2018,9901,9976,6988.8,7939.2,9901,0,31.2,1271.82,204.87
8/28/2018,10127,10127,7182.4,8186.8,10127,0,33.5,1289.74,269.13
8/29/2018,10340,10340,7356.4,8430.4,10340,0,32.4,1296.18,210.93
8/30/2018,10540,10540,7654.3,8708.3,10540,0,34,1253.33,216.82
8/31/2018,10142,10142,7215,7735.6,10142,0,35.2,1253.33,206.5
9/1/2018,10617,10617,7559.7,8471.5,10617,0,33.8,1206.2,217.34
9/2/2018,10225,10225,7563.6,8252,10225,0,32.3,1170.76,210.12
9/3/2018,11015,11015,7583.2,8996.9,11015,0,33.5,1188.54,218.76
9/4/2018,10892,10892,7865,8985,10892,0,34.8,1184.27,224.85
9/5/2018,10852,10852,7890,9046,10852,0,33.5,1148.84,224.02
9/6/2018,10637,10637,7754.3,8589.7,10637,0,32.6,1162.74,217.68
9/7/2018,10266,10266,7059.8,7449,10266,0,32.9,1126.99,204.31
9/8/2018,10898,10898,7778.6,8500.3,10898,0,34.8,1182.49,221.32
9/9/2018,11129,11129,8196.5,9043.1,11129,0,34.6,1217.47,229.35
9/10/2018,11129,11129,8196.5,9043.1,11129,0,34.6,1217.47,229.35
9/11/2018,10630,10630,7832.1,8774.6,10630,0,34,1194.07,219.45
9/12/2018,10625,10625,7548.1,8852.4,10625,0,34.1,1153.76,217.34
9/13/2018,10830,10830,6892.1,8553,10830,0,30.7,1216.21,212
9/14/2018,10277,10277,6906.7,7335.9,10277,0,33.9,1141.91,203.46
9/15/2018,11292,11292,7527.4,8572.1,11292,0,33.2,1157.02,219.27
9/16/2018,11289,11289,8123,9302.3,11289,0,35.2,1182.59,235.29
9/17/2018,11534,11534,8655.4,9625.4,11534,0,35.6,1220.58,238.83
9/18/2018,11363,11363,8753.2,9440.1,11363,0,36.2,1187.53,243.19
9/19/2018,11623,11623,8905.2,9788,11623,0,36.5,1128.83,246.47
9/20/2018,10420,10760,7314.2,8790.6,10420,0,34.5,1034.7,219.89
9/21/2018,10420,10760,7314.2,8790.6,10420,0,34.5,1034.7,219.89
9/22/2018,11086,11006,7365.4,8554,11086,0,33.2,1056.4,216.4
9/23/2018,11432,11432,8109.8,9167,11432,0,33.9,1153.9,233.7
9/24/2018,11557,11557,8374.2,9380.8,11557,0,33.8,1174.51,238.25
9/25/2018,11140,11140,8106.1,9477.5,11140,0,34.5,1190.58,232.38
9/26/2018,11348,11348,8255.3,9537.3,11348,0,34.6,1184.83,232.31
9/27/2018,10946,10946,8271.83,9125,10946,0,33.9,1166.39,233.74
9/28/2018,10891,10901,7369,7896,10891,0,35.5,1167.57,218.29
9/29/2018,11280,11280,8138.2,9050.9,11280,0,35.5,1182.2,231.66
9/30/2018,11574,11574,8518.2,9925.4,11574,0,35.7,1227.59,239.32
10/1/2018,11198,11198,8265.9,9532.6,11198,0,36.1,1183.77,239.39
10/2/2018,11485,11485,8120.4,9227.2,11485,0,35.6,1193.22,235.75
10/3/2018,11472,11472,7918,9498.1,11472,0,35.9,1195.52,236.06
10/4/2018,11394,11394,8113,9591.9,11394,0,32.6,1211.96,234.76
10/5/2018,10548,10548,7640,8271,10548,0,34.2,1187.46,216.69
10/6/2018,11431,11431,7660.8,9091.1,11431,0,31.9,1223.33,226.22
10/7/2018,11400,11400,7772.8,9086.3,11400,0,34.6,1221.92,228.25
10/8/2018,11205,11205,7630.9,9028.3,11205,0,34.8,1231.6,229.97
10/9/2018,10891,10891,7488.8,8722.1,10891,0,32.9,1186.2,217.45
10/10/2018,9966,9966,7136.2,8081,9966,0,29,1113.62,200.36
10/11/2018,9110,9110,6030.4,7199.3,9110,0,27.2,1079.79,179.38
10/12/2018,8103,8103,5506.94,6052.1,8103,0,26.2,1007.98,159.74
10/13/2018,8830,8830,5397.7,6948.17,8830,0,27.9,1060.15,166.8
10/14/2018,9456,9456,5793,7300.4,9456,0,29.7,1093.45,174.01
10/15/2018,9862,9862,5935.4,8012.3,9862,0,32.6,1065.94,184.23
10/16/2018,9886,9886,6311,7746.1,9886,0,33.2,1157.94,187.1
10/17/2018,9821,9821,6163.8,7863.8,9821,0,32.2,1153.99,186.21
10/18/2018,9842,9842,6356.7,8102.8,9842,0,32.5,1132.96,204.86
10/19/2018,9086,9086,5993.3,6786.4,9086,0,33.8,1123.75,175.99
10/20/2018,10158,10158,6282,7755.76,10158,0,32.6,1188.87,189.81
10/21/2018,10286,10286,6624.4,8222.9,10286,0,33.2,1212.91,197.97
10/22/2018,10237,10237,6601.8,8321,10237,0,29.4,1127.02,193.93
10/23/2018,10198,10198,6598.4,8353,10198,0,32.6,1151.77,197.34
10/24/2018,10075,10075,6693.5,8374.9,10075,0,32.5,1144.47,195.6
10/25/2018,9582,9582,6536,8111.9,9582,0,32,1123.43,190.28
10/26/2018,8584,8584,5959,6716.9,8584,0,32.2,1085.87,166.77
10/27/2018,9879,9879,5967,7390.2,9879,0,33.2,1143.76,181.68
10/28/2018,8651,8651,6306.53,7231,8651,0,26.3,1046.86,171.05
10/29/2018,8776,8776,5652,7159,8776,0,26.6,1076.99,166.42
10/30/2018,9101,9101,5634,7247.5,9101,0,31,1084.53,171.38
10/31/2018,9460,9460,5924,7636.2,9460,0,32.4,1150.99,178.9
11/1/2018,9670,9670,6214,7922.3,9670,0,32.5,1145.9,185.08
11/2/2018,8751,8751,5899.72,6547.2,8751,0,32,1112.76,168.26
11/3/2018,9760,9760,6034,7768.7,9760,0,32.8,1135.15,184.92
11/4/2018,9900,9900,6496,7905.5,9900,0,32,1010.62,187.66
11/5/2018,9454,9454,6361,8017,9454,0,32.4,968.14,184.39
11/6/2018,9667,9667,6131.8,7646.67,9667,0,31,973.51,179.84
11/7/2018,9256,9256,6066.6,7255.61,9256,0,29.1,906.84,174.05
11/8/2018,8956,8956,5805,7388.1,8956,0,30.2,903.77,175
11/9/2018,7724,7724,5372.9,5790.9,7724,0,29.5,869.47,145.18
11/10/2018,8723,8723,5012,6680,8723,0,29.4,915.93,154.86
11/11/2018,8724,8724,5425,6601.1,8724,0,29.6,895.9,160.31
11/12/2018,8815,8815,5392,7026.1,8815,0,30.6,873.64,166.04
11/13/2018,8806,8806,5492,7006.4,8806,0,30.2,853.15,165.35
11/14/2018,8806,8806,5492,7006.4,8806,0,30.2,853.15,165.35
11/15/2018,8772,8772,5536,7186.3,8772,0,31.1,0,167.73
11/16/2018,7696,7696,5249.4,5770.8,7696,0,32,0,148.88
11/17/2018,8603,8603,5183,6498.8,8603,0,30.4,1102.25,157.99
11/18/2018,8656,8656,5421,6985.6,8656,0,29.8,1128.68,163.75
11/19/2018,8585,8585,5306,6958.8,8585,0,30,1082.8,155.37
11/20/2018,8441,8441,5228,6824.7,8441,0,28.7,1107.16,159.87
11/21/2018,8087,8087,5196,6090.2,8087,0,28.6,1097.35,150.79
11/22/2018,8433,8433,4936,6838.9,8433,0,29,1063.5,157.54
11/23/2018,7550,7550,5106.61,5507.4,7550,0,29.1,995.67,141.48
11/24/2018,8358,8358,4789,6228.4,8358,0,29.1,1162.03,150.94
11/25/2018,8361,8361,5119,6710,8361,0,29.4,1143.62,158.83
11/26/2018,8460,8460,5236,6712.8,8460,0,30,1129.17,158.77
11/27/2018,8502,8502,5135,6719.68,8502,0,31.5,1110.43,158.43
11/28/2018,8516,8516,5262,6971.3,8516,0,31.5,1033.23,161.65
11/29/2018,8464,8464,5181,6762,8464,0,27.3,1038.05,158.75
11/30/2018,7556,7556,5076,5371,7556,0,28.5,1014.26,141.47
12/1/2018,8347,8217,4685,6086.2,8347,0,28.4,1111.69,147.9
12/2/2018,8369,8369,5062,6342,8369,0,27.8,1117.11,153.85
12/3/2018,8418,8418,4961,6448.4,8418,0,28.5,1055.66,154.7
12/4/2018,8534,8534,4933,6410.6,8534,0,28.3,1029.5,152.73
12/5/2018,8458,8458,5000,6622.4,8458,0,28.2,1031.46,154.45
12/6/2018,8452,8452,4940,6510.3,8452,0,27.5,1021.85,154.13
12/7/2018,7505,7505,4798,5266.2,7505,0,27,940.24,135.81
12/8/2018,8350,8350,4476,5798.9,8350,0,27.4,990.22,143.99
12/9/2018,8421,8421,4846,6498.3,8421,0,27.6,1036.57,150.7
12/10/2018,8380,8380,4886,6337.3,8380,0,27.5,1047.69,153.56
12/11/2018,8482,8482,4805,6479.2,8482,0,27.7,970.19,154.32
12/12/2018,8349,8349,4869,6519,8349,0,28.6,967.16,153.03
12/13/2018,8326,8326,4980,6723.8,8326,0,28.9,972.95,156.08
12/14/2018,7596,7596,4967,5599.7,7596,0,28.2,928.45,138.82
12/15/2018,8095,8095,4666,6018.35,8095,0,27,1036.88,149.11
12/16/2018,7194,7194,4876,5456.3,7194,0,26.5,996.04,137.33
12/17/2018,7990,7990,4491,6483.8,7990,0,23,1004.2,145.33
12/18/2018,7865,7865,4022,6300.7,7865,0,19.5,1023.2,141.54
12/19/2018,8150,8150,4750,6564.8,8150,0,20,1064.14,151.77
12/20/2018,8096,8096,4793,6465.2,8096,0,23.1,1050.38,151.74
12/21/2018,7375,7375,4814,5683.1,7375,0,25,1016.91,137.36
12/22/2018,8296,8296,4498,6109.1,8296,0,25.5,1078.08,148.38
12/23/2018,8280,8280,4810,6421.35,8280,0,24.9,1078.22,154.06
12/24/2018,8336,8336,4857,6468.3,8336,0,24.4,1053.55,152.98
12/25/2018,8188,8188,4881,6407.1,8188,0,26.4,1049.49,151.49
12/26/2018,8476,8476,4780,6533,8476,0,24.9,1058.17,154.19
12/27/2018,8178,8178,4777,6676.01,8178,0,24.2,1042.2,153.02
12/28/2018,7378,7378,4760,5825.9,7378,0,23.9,984.14,139.53
12/29/2018,7257,7257,4434,5661.6,7257,0,24.7,893.09,133.07
12/30/2018,6317,6317,3690,3893.8,6317,0,25.8,698.98,105.33
12/31/2018,7542,7542,3366,5748.4,7542,0,28,924.85,127.62
1/1/2019,7991,7991,4350,6299.6,7991,0,27.7,1018.24,143.04
1/2/2019,8339,8339,4674,6366.6,8339,0,27.2,1044.26,146.72
1/3/2019,8222,8222,4754,6418.6,8222,0,27.6,1044.57,151.55
1/4/2019,7436,7436,4711,5286.7,7436,0,24.8,961.47,134.55
1/5/2019,8241,8241,4473,5987.3,8241,0,26.4,1053.63,146.17
1/6/2019,8347,8347,4796,6444.5,8347,0,27.5,1032.48,153.66
1/7/2019,8157,8157,4973,6387.9,8157,0,28.6,1021.02,152.93
1/8/2019,8384,8386,4982,6340.9,8384,0,26.8,1026.98,152.4
1/9/2019,8397,8397,4971,6426.9,8397,0,26.1,1012.1,159.58
1/10/2019,8348,8348,4900,6491,8348,0,25.6,956.02,154.09
1/11/2019,7479,7479,4762,5388.37,7479,0,26.2,892.64,141.6
1/12/2019,8417,8417,4641,5576.3,8417,0,26,948.01,146.92
1/13/2019,8621,8621,5120,6519,8621,0,27,995.86,159.19
1/14/2019,8563,8563,5078,6689.8,8563,0,26.7,1006.51,161.79
1/15/2019,8540,8540,5133,6577.8,8540,0,25.6,970.03,158.58
1/16/2019,8544,8544,5156,6760.8,8544,0,26.8,940.61,158.82
1/17/2019,8515,8515,5255,6813.9,8515,0,27.4,936.82,158
1/18/2019,8515,8515,5255,6813.9,8515,0,27.4,936.82,158
1/19/2019,8564,8564,4776,6160.4,8564,0,25.8,1009.95,152.64
1/20/2019,8651,8651,5131,6833.5,8651,0,26.6,996.7,162.23
1/21/2019,8748,8748,5363,6883.53,8748,0,28.4,966.14,163.79
1/22/2019,8599,8599,5282,6942.4,8599,0,29.1,982.08,164.19
1/23/2019,8846,8846,5382,6991,8846,0,30,994.06,167.31
1/24/2019,8774,8774,5451,7173.3,8774,0,28.5,1035.65,164.85
1/25/2019,7864,7864,5398,5846.9,7864,0,30.2,998.34,149.73
1/26/2019,8769,8769,5198,6167.1,8769,0,31.3,1098.76,160.52
1/27/2019,8814,8814,5642,7189.5,8814,0,30,1114.46,171.18
1/28/2019,8891,8891,5614,7144,8891,0,26.6,1100.05,173.13
1/29/2019,8748,8748,5561,7056.9,8748,0,24.7,1077.05,168.85
1/30/2019,6317,6317,3690,3893.8,6317,0,25.8,698.98,105.33
1/31/2019,8793,8793,5409,7069,8793,0,23.9,992.63,168.27
2/1/2019,8038,8038,5370,6056.3,8038,0,29.6,971.11,153.16
2/2/2019,8744,8744,5034,7387.2,8744,0,28.4,1050.36,164.27
2/3/2019,8763,8763,5358,7483,8763,0,28.4,1027.42,168.74
2/4/2019,8919,8919,5345,7275.5,8919,0,28,994.68,168.57
2/5/2019,8867,8867,5452,7453,8867,0,27.9,990.84,170.54
2/6/2019,9063,9063,5318,7028.1,9063,0,28.2,1017.93,160.05
2/7/2019,8880,8880,5403,7482.9,8880,0,29.5,973.87,170.66
2/8/2019,7853,7853,5547,5952.9,7853,0,30,940.28,149.41
2/9/2019,8806,8806,4360,6996.2,8806,0,26.8,1035.7,156.24
2/10/2019,8733,8733,5389,7006.34,8733,0,26.7,1080.75,164.83
2/11/2019,8863,8863,5390,7348.7,8863,0,27.4,1071.05,168.63
2/12/2019,8884,8884,5417,7403.3,8884,0,28.5,1054.16,169.86
2/13/2019,9030,9030,5494,7467.3,9030,0,29.8,1090.49,174.24
2/14/2019,9061,9061,5570,7605.9,9061,0,30,1123.36,173.66
2/15/2019,8243,8243,5627,6250,8243,0,30.5,1076,157.57
2/16/2019,8838,8838,5306,7006.8,8838,0,26,1098.69,165.23
2/17/2019,8824,8824,5352,6667.2,8824,0,25.7,1057.21,161.55
2/18/2019,8891,8891,5301,7344.4,8891,0,27.6,1117.8,168.02
2/19/2019,9066,9066,5431,7377,9066,0,29.6,1137.47,171.08
2/20/2019,9159,9159,5606,7539.1,9159,0,30.5,1155.59,174.86
2/21/2019,8096,8096,5457,6527,8096,0,31,1064.7,158.26
2/22/2019,8345,8345,5167,6022.3,8345,0,31.1,1083.23,153.02
2/23/2019,9397,9397,5591,7765.8,9397,0,32,1179.03,178.12
2/24/2019,9403,9403,6089,7680,9403,0,30.6,1156.25,179.56
2/25/2019,8684,8684,5380.8,6734,8684,0,24.8,1058.48,162.91
2/26/2019,8480,8480,3497,6723,8480,0,25.2,1089.55,150.29
2/27/2019,6346,6518.2,5289,6518.2,6346,0,26.5,981.9,151.79
2/28/2019,7995,7995,4402,6266,7995,0,24.6,1060.17,146.04
3/1/2019,7459,7459,4939,5492.6,7459,0,27,970.91,140.05
3/2/2019,8509,8509,4710,6749.7,8509,0,27,1116.11,154.49
3/3/2019,8493,8493,5145,6881.4,8493,0,28.2,1098.38,161.11
3/4/2019,8736,8736,5425,7188.7,8736,0,26.5,1096.66,165.37
3/5/2019,8611,8611,5027,6909.7,8611,0,25,1118.02,160.58
3/6/2019,8900,8900,5301,7071.5,8900,0,28,1158.37,167.73
3/7/2019,8721,8721,5698,7303.44,8721,0,29.5,1158.02,171.08
3/8/2019,8075,8075,5715,6131.7,8075,0,30,1056.54,154.58
3/9/2019,8941,8941,5087,6789.4,8941,0,30.2,1130.32,164.92
3/10/2019,9369,9369,5614,7567.1,9369,0,30.7,1192.07,217.13
3/11/2019,9965,9965,6023,8076.64,9965,0,30,1222.96,190.58
3/12/2019,10071,10071,6501,8373.4,10071,0,33.5,1205.3,197.41
3/13/2019,10500,10500,6968,8517.5,10500,0,32.9,1170.37,204.97
3/14/2019,10441,10441,7374,8670.3,10441,0,34,1183.94,208.08
3/15/2019,9644,9644,6951.5,7432.6,9644,0,33.8,1137.85,188.58
3/16/2019,10796,10796,6936,8474.4,10796,0,34.4,1243.98,204.28
3/17/2019,10499,10499,7646,8792.5,10499,0,34.3,1172.41,201.39
3/18/2019,10034,10034,5936,8347.3,10034,0,30.2,1287.74,190.78
3/19/2019,10115,10115,7030,8296.8,10115,0,30.2,1247.05,188.34
3/20/2019,10340,10340,7164,8984.2,10340,0,33.6,1207.7,207.84
3/21/2019,10626,10626,7215,9097.3,10626,0,34,1199.92,212.33
3/22/2019,9490,9490,6889.34,7718.8,9490,0,33.6,1183.47,194.53
3/23/2019,10744,10744,6880,8224.6,10744,0,33.4,1284.89,204.08
3/24/2019,10540,10540,7475,8731.4,10540,0,34.2,1291.93,212.12
3/25/2019,10707,10707,7378,8909.2,10707,0,35.1,1250.73,211.93
3/26/2019,8334,8731,7278,7743,8334,0,34.4,1133.48,186.75
3/27/2019,10182,10182,6434,8110.18,10182,0,34.6,1206.62,196.22
3/28/2019,10613,10613,7239,8855.7,10613,0,33.4,1223.91,208.34
3/29/2019,10006,10006,7304.39,8108.04,10006,0,34,1222.39,200.59
3/30/2019,10933,10933,7336.18,8751.9,10933,0,33.2,1267.76,211.91
3/31/2019,4855,9320,8064.1,9132.3,4855,0,33.6,935.34,186.99
4/1/2019,9015,9015,2605,6561.39,9015,0,31.4,1121.05,146.83
4/2/2019,7099,8721.9,6766.3,8703.6,7099,0,32,1090.47,175.04
4/3/2019,9252,9252,5674.2,7658.99,9252,0,32,1161.09,178.79
4/4/2019,10407,10407,6745.5,8440.3,10407,0,33.1,1237.05,220.79
4/5/2019,9752,9752,6400.75,6737.3,9752,0,30.2,1168.66,188.1
4/6/2019,9197,9197,6046.52,7735.6,9197,0,31.6,966.75,179.29
4/7/2019,9529,9529,4404,7306.6,9529,0,29,1131.03,164.15
4/8/2019,9105,9105,6699.53,7812.2,9105,0,32.8,1112.77,184.94
4/9/2019,6024,7305.6,6168.04,6544,6024,0,29.2,963.8,156.62
4/10/2019,9389,9389,5019,6931.11,9389,0,28.2,1149.59,167.12
4/11/2019,9854,9894,6550.6,8566.2,9854,0,32.9,1257.8,198.46
4/12/2019,10181,10181,6542.6,7580.2,10181,0,33.1,1253.3,191.96
4/13/2019,7833,8875,7464,8532.18,7833,0,33,1145.69,192.04
4/14/2019,9962,9979,6031,7462.5,9962,0,34.1,1323.67,188.17
4/15/2019,11190,11190,7242.5,8775.66,11190,0,34.1,1344.29,218.34
4/16/2019,11440,11440,7977.2,9511.3,11440,0,35,1250.88,229.61
4/17/2019,10871,10871,6307,8936.2,10871,0,35.1,1302.06,212.16
4/18/2019,11242,11242,8054.03,8841.8,11242,0,33.5,1270.09,232.07
4/19/2019,10858,10858,7287.1,7787.1,10858,0,35.4,1131.25,213.04
4/20/2019,11300,11300,7833.5,9196.7,11300,0,34.4,1139.62,226.85
4/21/2019,10184,10436,8060.9,9943.16,10184,0,35.6,1130.79,222.52
4/22/2019,10755,10755,6141.7,7385.4,10755,0,34.5,1303.29,193.51
4/23/2019,11581,11581,7997.75,9663.9,11581,0,35.2,1392.66,233.04
4/24/2019,12057,12057,8442.05,10057,12057,0,36.7,1316.31,244.72
4/25/2019,12067,12067,8813.2,9856.6,12067,0,37.1,1110.12,249.51
4/26/2019,10891,11297,7760,8529.2,10891,0,36.2,1225.63,230.66
4/27/2019,12052,12052,8240.9,9758.2,12052,0,35.5,1324.27,243.36
4/28/2019,11902,11902,8761.3,9840.1,11902,0,36,1214.25,248.16
4/29/2019,12200,12200,8745.4,10002.6,12200,0,36.3,1284.88,256.81
4/30/2019,12022,12022,8756.6,9928,12022,0,35.6,1340.94,248.41
5/1/2019,11095,11095,7453.81,7796,11095,0,36.3,1326.21,222.28
5/2/2019,12008,12008,8553.8,9934.3,12008,0,36.2,1344.92,247.44
5/3/2019,7597,11283,7798.3,7798.3,7597,0,33,1045.81,193.54
5/4/2019,7529,7529,3501,4174,7529,0,36.2,1018.95,123.96
5/5/2019,10884,10937,5985.8,8465.5,10884,0,33.9,1357.04,204.76
5/6/2019,11813,11813,7912.18,9380,11813,0,35.3,1365.61,236.26
5/7/2019,12214,12232,8435.3,9819.6,12214,0,35.2,1317.33,250.24
5/8/2019,12412,12482,8703.9,9941.7,12412,0,40.7,1336.58,267.99
5/9/2019,12161,12161,8932.3,9875.7,12161,0,41.1,1266.94,255.52
5/10/2019,12095,12095,8123.7,8747.3,12095,0,36.2,1266.94,243.33
5/11/2019,12494,12494,9093.5,9893.29,12494,0,35.6,1431.9,257.77
5/12/2019,12376,12376,8527.4,10175.1,12376,0,35.8,1331.14,254.85
5/13/2019,11088,11088,8525.7,10019.52,11088,0,35.5,1222.4,237.65
5/14/2019,11823,11823,6311.1,9302.8,11823,0,34.4,1301.68,213.24
5/15/2019,11768,11768,7474.3,9451.3,11768,0,35.2,1334.22,237.53
